account_code,account_name,campaign_code,currency,cost,conversions,impressions,clicks,account_timezone,network_type,timestamp
8696941810,MIA Clothings,9715444785,GBP,345,1,222,47,(GMT+00:00) Etc/GMT,google,2022-12-19T22:28:06Z
8696941810,MIA Clothings,8099243757,GBP,22,1,175,2,(GMT+00:00) Etc/GMT,google,2022-12-19T22:28:06Z
8696941810,MIA Clothings,6483258897,GBP,175,1,40,12,(GMT+00:00) Etc/GMT,google,2022-12-19T22:28:06Z
8696941810,MIA Clothings,15364191349,GBP,20,1,8,2,(GMT+00:00) Etc/GMT,google,2022-12-19T22:28:06Z
8696941810,MIA Clothings,10342450279,GBP,0,0,1,0,(GMT+00:00) Etc/GMT,google,2022-12-19T22:28:06Z
8696941810,MIA Clothings,10865559784,GBP,0,0,92,0,(GMT+00:00) Etc/GMT,google,2022-12-19T22:28:06Z
8696941810,MIA Clothings,1641987534,GBP,92,1,82,10,(GMT+00:00) Etc/GMT,google,2022-12-19T22:28:06Z
8696941810,MIA Clothings,15364191349,GBP,8,1,430,2,(GMT+00:00) Etc/GMT,google,2022-12-19T22:28:06Z
8696941810,MIA Clothings,10865559784,GBP,430,1,848,9,(GMT+00:00) Etc/GMT,google,2022-12-19T22:28:06Z
8696941810,MIA Clothings,1023850029,GBP,848,1,179,47,(GMT+00:00) Etc/GMT,google,2022-12-19T22:28:06Z
8696941810,MIA Clothings,134161207,GBP,9,0,15,1,(GMT+00:00) Etc/GMT,google,2022-12-19T22:28:06Z
8696941810,MIA Clothings,64896727,GBP,158,0,151,19,(GMT+00:00) Etc/GMT,google,2022-12-19T22:28:06Z
8696941810,MIA Clothings,92548447,GBP,151,0,114,10,(GMT+00:00) Etc/GMT,google,2022-12-19T22:28:06Z
8696941810,MIA Clothings,65023687,GBP,0,0,0,0,(GMT+00:00) Etc/GMT,google,2022-12-19T22:28:06Z
8696941810,MIA Clothings,396443287,GBP,0,0,9,0,(GMT+00:00) Etc/GMT,google,2022-12-19T22:28:06Z
8696941810,MIA Clothings,8098913967,GBP,9,0,69,1,(GMT+00:00) Etc/GMT,google,2022-12-19T22:28:06Z
8696941810,MIA Clothings,8106692819,GBP,69,0,64,2,(GMT+00:00) Etc/GMT,google,2022-12-19T22:28:06Z
8696941810,MIA Clothings,1032413031,GBP,2064,0,151,4,(GMT+00:00) Etc/GMT,google,2022-12-19T22:28:06Z
8696941810,MIA Clothings,90379207,GBP,151,0,94,4,(GMT+00:00) Etc/GMT,google,2022-12-19T22:28:06Z
8696941810,MIA Clothings,8106664973,GBP,94,2,12,10,(GMT+00:00) Etc/GMT,google,2022-12-19T22:28:06Z
8696941810,MIA Clothings,948027979,GBP,0,0,6,0,(GMT+00:00) Etc/GMT,google,2022-12-19T22:28:06Z
8696941810,MIA Clothings,136103167,GBP,0,0,19,0,(GMT+00:00) Etc/GMT,google,2022-12-19T22:28:06Z
8696941810,MIA Clothings,249958567,GBP,19,2,385,1,(GMT+00:00) Etc/GMT,google,2022-12-19T22:28:06Z
8696941810,MIA Clothings,1465251735,GBP,385,1,1116,25,(GMT+00:00) Etc/GMT,google,2022-12-19T22:28:06Z
8696941810,MIA Clothings,1465251729,GBP,16,2,18,2,(GMT+00:00) Etc/GMT,google,2022-12-19T22:28:06Z
8696941810,MIA Clothings,8106649109,GBP,18,0,30,2,(GMT+00:00) Etc/GMT,google,2022-12-19T22:28:06Z
8696941810,MIA Clothings,1465251726,GBP,30,0,921,3,(GMT+00:00) Etc/GMT,google,2022-12-19T22:28:06Z
8696941810,MIA Clothings,1465251726,GBP,921,0,277,4,(GMT+00:00) Etc/GMT,google,2022-12-19T22:28:06Z
8696941810,MIA Clothings,1465251729,GBP,277,0,95,15,(GMT+00:00) Etc/GMT,google,2022-12-19T22:28:06Z
8696941810,MIA Clothings,8106649109,GBP,95,0,63,3,(GMT+00:00) Etc/GMT,google,2022-12-19T22:28:06Z
8696941810,MIA Clothings,1465251735,GBP,63,0,85,3,(GMT+00:00) Etc/GMT,google,2022-12-19T22:28:06Z
8696941810,MIA Clothings,8106649109,GBP,85,0,20,9,(GMT+00:00) Etc/GMT,google,2022-12-19T22:28:06Z
8696941810,MIA Clothings,1465251735,GBP,20,0,23,2,(GMT+00:00) Etc/GMT,google,2022-12-19T22:28:06Z
8696941810,MIA Clothings,1465251726,GBP,0,0,8,0,(GMT+00:00) Etc/GMT,google,2022-12-19T22:28:06Z
8696941810,MIA Clothings,1465251729,GBP,0,0,22,0,(GMT+00:00) Etc/GMT,google,2022-12-19T22:28:06Z
8696941810,MIA Clothings,378639127,GBP,8,1,22,2,(GMT+00:00) Etc/GMT,google,2022-12-19T22:28:06Z
8696941810,MIA Clothings,249958567,GBP,22,3,169,3,(GMT+00:00) Etc/GMT,google,2022-12-19T22:28:06Z
8696941810,MIA Clothings,249958567,GBP,169,3,110,19,(GMT+00:00) Etc/GMT,google,2022-12-19T22:28:06Z
8696941810,MIA Clothings,249958567,GBP,10,3,85,3,(GMT+00:00) Etc/GMT,google,2022-12-19T22:28:06Z
8696941810,MIA Clothings,378639127,GBP,0,0,90,0,(GMT+00:00) Etc/GMT,google,2022-12-19T22:28:06Z
8696941810,MIA Clothings,246223687,GBP,12,2,91,3,(GMT+00:00) Etc/GMT,google,2022-12-19T22:28:06Z
8696941810,MIA Clothings,1023850029,GBP,0,0,33,0,(GMT+00:00) Etc/GMT,google,2022-12-19T22:28:06Z
8696941810,MIA Clothings,246223687,GBP,33,1,84,3,(GMT+00:00) Etc/GMT,google,2022-12-19T22:28:06Z
8696941810,MIA Clothings,968066321,GBP,0,0,478,0,(GMT+00:00) Etc/GMT,google,2022-12-19T22:28:06Z
8696941810,MIA Clothings,6483258891,GBP,478,0,92,14,(GMT+00:00) Etc/GMT,google,2022-12-19T22:28:06Z
8696941810,MIA Clothings,8106649109,GBP,0,0,17,0,(GMT+00:00) Etc/GMT,google,2022-12-19T22:28:06Z
8696941810,MIA Clothings,138346447,GBP,137,0,119,40,(GMT+00:00) Etc/GMT,google,2022-12-19T22:28:06Z
8696941810,MIA Clothings,134160847,GBP,19,0,46,1,(GMT+00:00) Etc/GMT,google,2022-12-19T22:28:06Z
8696941810,MIA Clothings,6483258897,GBP,46,0,21,3,(GMT+00:00) Etc/GMT,google,2022-12-19T22:28:06Z
8696941810,MIA Clothings,315840727,GBP,21,0,115,2,(GMT+00:00) Etc/GMT,google,2022-12-19T22:28:06Z
8696941810,MIA Clothings,8098913967,GBP,115,0,102,14,(GMT+00:00) Etc/GMT,google,2022-12-19T22:28:06Z
8696941810,MIA Clothings,79000927,GBP,0,0,0,0,(GMT+00:00) Etc/GMT,google,2022-12-19T22:28:06Z
8696941810,MIA Clothings,8100582124,GBP,0,0,7,0,(GMT+00:00) Etc/GMT,google,2022-12-19T22:28:06Z
8696941810,MIA Clothings,117966727,GBP,0,0,51,0,(GMT+00:00) Etc/GMT,google,2022-12-19T22:28:06Z
8696941810,MIA Clothings,8106692819,GBP,91,1,518,29,(GMT+00:00) Etc/GMT,google,2022-12-19T22:28:06Z
8696941810,MIA Clothings,92541727,GBP,78,1,1060,18,(GMT+00:00) Etc/GMT,google,2022-12-19T22:28:06Z
8696941810,MIA Clothings,8106185951,GBP,1060,1,57,33,(GMT+00:00) Etc/GMT,google,2022-12-19T22:28:06Z
8696941810,MIA Clothings,283344247,GBP,57,2,98,3,(GMT+00:00) Etc/GMT,google,2022-12-19T22:28:06Z
8696941810,MIA Clothings,324840727,GBP,98,0,69,7,(GMT+00:00) Etc/GMT,google,2022-12-19T22:28:06Z
8696941810,MIA Clothings,1566476610,GBP,69,0,102,2,(GMT+00:00) Etc/GMT,google,2022-12-19T22:28:06Z
8696941810,MIA Clothings,6483258894,GBP,102,0,95,5,(GMT+00:00) Etc/GMT,google,2022-12-19T22:28:06Z
8696941810,MIA Clothings,90379207,GBP,0,0,4,0,(GMT+00:00) Etc/GMT,google,2022-12-19T22:28:06Z
8696941810,MIA Clothings,968066330,GBP,0,0,45,0,(GMT+00:00) Etc/GMT,google,2022-12-19T22:28:06Z
8696941810,MIA Clothings,92559007,GBP,45,0,402,9,(GMT+00:00) Etc/GMT,google,2022-12-19T22:28:06Z
8696941810,MIA Clothings,1465251726,GBP,402,0,221,19,(GMT+00:00) Etc/GMT,google,2022-12-19T22:28:06Z
8696941810,MIA Clothings,154091167,GBP,0,0,3,0,(GMT+00:00) Etc/GMT,google,2022-12-19T22:28:06Z
8696941810,MIA Clothings,1465251729,GBP,0,0,7,0,(GMT+00:00) Etc/GMT,google,2022-12-19T22:28:06Z
8696941810,MIA Clothings,396443287,GBP,0,0,3,0,(GMT+00:00) Etc/GMT,google,2022-12-19T22:28:06Z
8696941810,MIA Clothings,10026082440,GBP,0,0,33,0,(GMT+00:00) Etc/GMT,google,2022-12-19T22:28:06Z
8696941810,MIA Clothings,165573007,GBP,33,0,110,4,(GMT+00:00) Etc/GMT,google,2022-12-19T22:28:06Z
8696941810,MIA Clothings,10271792566,GBP,0,0,10,0,(GMT+00:00) Etc/GMT,google,2022-12-19T22:28:06Z
8696941810,MIA Clothings,154091047,GBP,10,0,127,1,(GMT+00:00) Etc/GMT,google,2022-12-19T22:28:06Z
8696941810,MIA Clothings,17576779841,GBP,27,2,236,4,(GMT+00:00) Etc/GMT,google,2022-12-19T22:28:06Z
8696941810,MIA Clothings,367244407,GBP,23,0,287,11,(GMT+00:00) Etc/GMT,google,2022-12-19T22:28:06Z
8696941810,MIA Clothings,112063327,GBP,0,0,7,0,(GMT+00:00) Etc/GMT,google,2022-12-19T22:28:06Z
8696941810,MIA Clothings,99917887,GBP,0,0,31,0,(GMT+00:00) Etc/GMT,google,2022-12-19T22:28:06Z
8696941810,MIA Clothings,8106155243,GBP,0,0,9,0,(GMT+00:00) Etc/GMT,google,2022-12-19T22:28:06Z
8696941810,MIA Clothings,624708693,GBP,0,0,17,0,(GMT+00:00) Etc/GMT,google,2022-12-19T22:28:06Z
8696941810,MIA Clothings,8099243757,GBP,17,0,72,1,(GMT+00:00) Etc/GMT,google,2022-12-19T22:28:06Z
8696941810,MIA Clothings,8106664973,GBP,201,0,1220,93,(GMT+00:00) Etc/GMT,google,2022-12-19T22:28:06Z
8696941810,MIA Clothings,308228767,GBP,20,0,90,4,(GMT+00:00) Etc/GMT,google,2022-12-19T22:28:06Z
8696941810,MIA Clothings,6483258888,GBP,0,0,39,0,(GMT+00:00) Etc/GMT,google,2022-12-19T22:28:06Z
8696941810,MIA Clothings,9715444785,GBP,39,0,14,3,(GMT+00:00) Etc/GMT,google,2022-12-19T22:28:06Z
8696941810,MIA Clothings,65024527,GBP,14,0,48,1,(GMT+00:00) Etc/GMT,google,2022-12-19T22:28:06Z
8696941810,MIA Clothings,92565847,GBP,48,0,503,2,(GMT+00:00) Etc/GMT,google,2022-12-19T22:28:06Z
8696941810,MIA Clothings,339193807,GBP,75,0,274,25,(GMT+00:00) Etc/GMT,google,2022-12-19T22:28:06Z
8696941810,MIA Clothings,206752447,GBP,274,0,29,16,(GMT+00:00) Etc/GMT,google,2022-12-19T22:28:06Z
8696941810,MIA Clothings,92703727,GBP,29,0,10,1,(GMT+00:00) Etc/GMT,google,2022-12-19T22:28:06Z
8696941810,MIA Clothings,378639007,GBP,0,0,4,0,(GMT+00:00) Etc/GMT,google,2022-12-19T22:28:06Z
8696941810,MIA Clothings,154090927,GBP,4,0,22,1,(GMT+00:00) Etc/GMT,google,2022-12-19T22:28:06Z
8696941810,MIA Clothings,8106340220,GBP,122,0,121,9,(GMT+00:00) Etc/GMT,google,2022-12-19T22:28:06Z
8696941810,MIA Clothings,1465251735,GBP,21,0,58,2,(GMT+00:00) Etc/GMT,google,2022-12-19T22:28:06Z
8696941810,MIA Clothings,8100504949,GBP,58,0,45,1,(GMT+00:00) Etc/GMT,google,2022-12-19T22:28:06Z
8696941810,MIA Clothings,280425007,GBP,45,0,9,3,(GMT+00:00) Etc/GMT,google,2022-12-19T22:28:06Z
8696941810,MIA Clothings,12527197899,GBP,0,0,44,0,(GMT+00:00) Etc/GMT,google,2022-12-19T22:28:06Z
8696941810,MIA Clothings,968066324,GBP,44,0,747,7,(GMT+00:00) Etc/GMT,google,2022-12-19T22:28:06Z
8696941810,MIA Clothings,92548447,GBP,47,1,96,6,(GMT+00:00) Etc/GMT,google,2022-12-19T22:28:06Z
8696941810,MIA Clothings,6876725515,GBP,0,0,87,0,(GMT+00:00) Etc/GMT,google,2022-12-19T22:28:06Z
8696941810,MIA Clothings,1641987534,GBP,87,0,28,5,(GMT+00:00) Etc/GMT,google,2022-12-19T22:28:06Z
8696941810,MIA Clothings,1465251729,GBP,28,0,40,1,(GMT+00:00) Etc/GMT,google,2022-12-19T22:28:06Z
8696941810,MIA Clothings,79000927,GBP,96,4,156,30,(GMT+00:00) Etc/GMT,google,2022-12-19T22:28:06Z
8696941810,MIA Clothings,6483258888,GBP,6,1,31,3,(GMT+00:00) Etc/GMT,google,2022-12-19T22:28:06Z
8696941810,MIA Clothings,1465251726,GBP,0,0,0,0,(GMT+00:00) Etc/GMT,google,2022-12-19T22:28:06Z
8696941810,MIA Clothings,90379207,GBP,0,0,22,0,(GMT+00:00) Etc/GMT,google,2022-12-19T22:28:06Z
8696941810,MIA Clothings,8106664973,GBP,22,1,9,3,(GMT+00:00) Etc/GMT,google,2022-12-19T22:28:06Z
8696941810,MIA Clothings,1641987534,GBP,9,2,5,2,(GMT+00:00) Etc/GMT,google,2022-12-19T22:28:06Z
8696941810,MIA Clothings,8106185951,GBP,0,0,34,0,(GMT+00:00) Etc/GMT,google,2022-12-19T22:28:06Z
8696941810,MIA Clothings,8106155243,GBP,0,0,33,0,(GMT+00:00) Etc/GMT,google,2022-12-19T22:28:06Z
8696941810,MIA Clothings,6483258897,GBP,33,1,36,1,(GMT+00:00) Etc/GMT,google,2022-12-19T22:28:06Z
8696941810,MIA Clothings,6483258894,GBP,36,1,117,3,(GMT+00:00) Etc/GMT,google,2022-12-19T22:28:06Z
8696941810,MIA Clothings,12527197899,GBP,117,1,165,5,(GMT+00:00) Etc/GMT,google,2022-12-19T22:28:06Z
8696941810,MIA Clothings,1465251735,GBP,165,1,108,12,(GMT+00:00) Etc/GMT,google,2022-12-19T22:28:06Z
8696941810,MIA Clothings,9715444785,GBP,68,1,697,5,(GMT+00:00) Etc/GMT,google,2022-12-19T22:28:06Z
8696941810,MIA Clothings,92548447,GBP,137,2,149,32,(GMT+00:00) Etc/GMT,google,2022-12-19T22:28:06Z
8696941810,MIA Clothings,10271792566,GBP,149,0,38,4,(GMT+00:00) Etc/GMT,google,2022-12-19T22:28:06Z
8696941810,MIA Clothings,6483258891,GBP,38,0,12,1,(GMT+00:00) Etc/GMT,google,2022-12-19T22:28:06Z
8696941810,MIA Clothings,8100504949,GBP,12,0,32,2,(GMT+00:00) Etc/GMT,google,2022-12-19T22:28:06Z
8696941810,MIA Clothings,8100582124,GBP,0,0,8,0,(GMT+00:00) Etc/GMT,google,2022-12-19T22:28:06Z
8696941810,MIA Clothings,8106340220,GBP,0,0,19,0,(GMT+00:00) Etc/GMT,google,2022-12-19T22:28:06Z
8696941810,MIA Clothings,8099243757,GBP,0,0,19,0,(GMT+00:00) Etc/GMT,google,2022-12-19T22:28:06Z
8696941810,MIA Clothings,65024527,GBP,19,0,51,2,(GMT+00:00) Etc/GMT,google,2022-12-19T22:28:06Z
8696941810,MIA Clothings,8106649109,GBP,0,0,19,0,(GMT+00:00) Etc/GMT,google,2022-12-19T22:28:06Z
8696941810,MIA Clothings,1566476610,GBP,19,1,11,1,(GMT+00:00) Etc/GMT,google,2022-12-19T22:28:06Z
8696941810,MIA Clothings,6876725515,GBP,11,0,69,2,(GMT+00:00) Etc/GMT,google,2022-12-19T22:28:06Z
8696941810,MIA Clothings,10026082440,GBP,69,0,88,5,(GMT+00:00) Etc/GMT,google,2022-12-19T22:28:06Z
8696941810,MIA Clothings,8098913967,GBP,0,0,16,0,(GMT+00:00) Etc/GMT,google,2022-12-19T22:28:06Z
8696941810,MIA Clothings,92541727,GBP,16,2,27,1,(GMT+00:00) Etc/GMT,google,2022-12-19T22:28:06Z
8696941810,MIA Clothings,8106692819,GBP,0,0,15,0,(GMT+00:00) Etc/GMT,google,2022-12-19T22:28:06Z
8696941810,MIA Clothings,396443287,GBP,50,1,754,5,(GMT+00:00) Etc/GMT,google,2022-12-19T22:28:06Z
8696941810,MIA Clothings,378639127,GBP,0,0,10,0,(GMT+00:00) Etc/GMT,google,2022-12-19T22:28:06Z
8696941810,MIA Clothings,263109727,GBP,100,0,63,9,(GMT+00:00) Etc/GMT,google,2022-12-19T22:28:06Z
8696941810,MIA Clothings,246223687,GBP,6,0,185,1,(GMT+00:00) Etc/GMT,google,2022-12-19T22:28:06Z
8696941810,MIA Clothings,1465251735,GBP,85,0,363,12,(GMT+00:00) Etc/GMT,google,2022-12-19T22:28:06Z
8696941810,MIA Clothings,1465251726,GBP,36,0,677,8,(GMT+00:00) Etc/GMT,google,2022-12-19T22:28:06Z
8696941810,MIA Clothings,1465251729,GBP,167,0,371,31,(GMT+00:00) Etc/GMT,google,2022-12-19T22:28:06Z
8696941810,MIA Clothings,8106649109,GBP,91,0,546,12,(GMT+00:00) Etc/GMT,google,2022-12-19T22:28:06Z
8696941810,MIA Clothings,6483258888,GBP,146,0,56,28,(GMT+00:00) Etc/GMT,google,2022-12-19T22:28:06Z
8696941810,MIA Clothings,65024527,GBP,5,0,23,1,(GMT+00:00) Etc/GMT,google,2022-12-19T22:28:06Z
8696941810,MIA Clothings,1641987534,GBP,423,2,5323,123,(GMT+00:00) Etc/GMT,google,2022-12-19T22:28:06Z
8696941810,MIA Clothings,8100582124,GBP,4,1,16,1,(GMT+00:00) Etc/GMT,google,2022-12-19T22:28:06Z
8696941810,MIA Clothings,6876725515,GBP,16,1,5,1,(GMT+00:00) Etc/GMT,google,2022-12-19T22:28:06Z
8696941810,MIA Clothings,8106155243,GBP,5,0,39,1,(GMT+00:00) Etc/GMT,google,2022-12-19T22:28:06Z
8696941810,MIA Clothings,79000927,GBP,39,0,2,1,(GMT+00:00) Etc/GMT,google,2022-12-19T22:28:06Z
8696941810,MIA Clothings,1566476610,GBP,0,0,10,0,(GMT+00:00) Etc/GMT,google,2022-12-19T22:28:06Z
8696941810,MIA Clothings,8106649109,GBP,0,0,314,0,(GMT+00:00) Etc/GMT,google,2022-12-19T22:28:06Z
8696941810,MIA Clothings,12527197899,GBP,74,0,245,5,(GMT+00:00) Etc/GMT,google,2022-12-19T22:28:06Z
8696941810,MIA Clothings,1465251735,GBP,89,0,270,13,(GMT+00:00) Etc/GMT,google,2022-12-19T22:28:06Z
8696941810,MIA Clothings,8100504949,GBP,67,0,474,9,(GMT+00:00) Etc/GMT,google,2022-12-19T22:28:06Z
8696941810,MIA Clothings,6483258897,GBP,104,0,31,27,(GMT+00:00) Etc/GMT,google,2022-12-19T22:28:06Z
8696941810,MIA Clothings,8106692819,GBP,3,0,77,1,(GMT+00:00) Etc/GMT,google,2022-12-19T22:28:06Z
8696941810,MIA Clothings,90379207,GBP,27,0,134,4,(GMT+00:00) Etc/GMT,google,2022-12-19T22:28:06Z
8696941810,MIA Clothings,8099243757,GBP,84,0,19,8,(GMT+00:00) Etc/GMT,google,2022-12-19T22:28:06Z
8696941810,MIA Clothings,92548447,GBP,19,1,58,1,(GMT+00:00) Etc/GMT,google,2022-12-19T22:28:06Z
8696941810,MIA Clothings,1465251726,GBP,5,1,22,1,(GMT+00:00) Etc/GMT,google,2022-12-19T22:28:06Z
8696941810,MIA Clothings,1465251729,GBP,0,0,14,0,(GMT+00:00) Etc/GMT,google,2022-12-19T22:28:06Z
8696941810,MIA Clothings,6483258891,GBP,14,1,142,1,(GMT+00:00) Etc/GMT,google,2022-12-19T22:28:06Z
8696941810,MIA Clothings,92541727,GBP,42,0,515,6,(GMT+00:00) Etc/GMT,google,2022-12-19T22:28:06Z
8696941810,MIA Clothings,8106664973,GBP,115,0,17,25,(GMT+00:00) Etc/GMT,google,2022-12-19T22:28:06Z
8696941810,MIA Clothings,396443287,GBP,17,0,23,3,(GMT+00:00) Etc/GMT,google,2022-12-19T22:28:06Z
8696941810,MIA Clothings,10271792566,GBP,0,0,44,0,(GMT+00:00) Etc/GMT,google,2022-12-19T22:28:06Z
8696941810,MIA Clothings,8106185951,GBP,4,0,30,1,(GMT+00:00) Etc/GMT,google,2022-12-19T22:28:06Z
8696941810,MIA Clothings,8106340220,GBP,30,0,7,1,(GMT+00:00) Etc/GMT,google,2022-12-19T22:28:06Z
8696941810,MIA Clothings,10026082440,GBP,0,0,56,0,(GMT+00:00) Etc/GMT,google,2022-12-19T22:28:06Z
8696941810,MIA Clothings,8098913967,GBP,56,0,63,5,(GMT+00:00) Etc/GMT,google,2022-12-19T22:28:06Z
8696941810,MIA Clothings,9715444785,GBP,0,0,16,0,(GMT+00:00) Etc/GMT,google,2022-12-19T22:28:06Z
8696941810,MIA Clothings,1465251726,GBP,16,0,8,1,(GMT+00:00) Etc/GMT,google,2022-12-19T22:28:06Z
8696941810,MIA Clothings,79000927,GBP,8,0,73,1,(GMT+00:00) Etc/GMT,google,2022-12-19T22:28:06Z
8696941810,MIA Clothings,1465251735,GBP,0,0,9,0,(GMT+00:00) Etc/GMT,google,2022-12-19T22:28:06Z
8696941810,MIA Clothings,1465251729,GBP,0,0,66,0,(GMT+00:00) Etc/GMT,google,2022-12-19T22:28:06Z
8696941810,MIA Clothings,8106649109,GBP,106,0,98,27,(GMT+00:00) Etc/GMT,google,2022-12-19T22:28:06Z
8696941810,MIA Clothings,8100582124,GBP,98,0,119,9,(GMT+00:00) Etc/GMT,google,2022-12-19T22:28:06Z
8696941810,MIA Clothings,263109727,GBP,119,0,124,10,(GMT+00:00) Etc/GMT,google,2022-12-19T22:28:06Z
8696941810,MIA Clothings,263109727,GBP,0,0,14,0,(GMT+00:00) Etc/GMT,google,2022-12-19T22:28:06Z
8696941810,MIA Clothings,378639127,GBP,14,0,94,2,(GMT+00:00) Etc/GMT,google,2022-12-19T22:28:06Z
8696941810,MIA Clothings,246223687,GBP,94,0,123,7,(GMT+00:00) Etc/GMT,google,2022-12-19T22:28:06Z
8696941810,MIA Clothings,154090927,GBP,23,0,167,2,(GMT+00:00) Etc/GMT,google,2022-12-19T22:28:06Z
8696941810,MIA Clothings,968066321,GBP,117,0,29,11,(GMT+00:00) Etc/GMT,google,2022-12-19T22:28:06Z
8696941810,MIA Clothings,8106692819,GBP,29,0,71,4,(GMT+00:00) Etc/GMT,google,2022-12-19T22:28:06Z
8696941810,MIA Clothings,92559007,GBP,71,0,40,3,(GMT+00:00) Etc/GMT,google,2022-12-19T22:28:06Z
8696941810,MIA Clothings,396425647,GBP,0,0,27,0,(GMT+00:00) Etc/GMT,google,2022-12-19T22:28:06Z
8696941810,MIA Clothings,99917887,GBP,127,1,131,19,(GMT+00:00) Etc/GMT,google,2022-12-19T22:28:06Z
8696941810,MIA Clothings,1465251735,GBP,131,2,112,11,(GMT+00:00) Etc/GMT,google,2022-12-19T22:28:06Z
8696941810,MIA Clothings,17576779841,GBP,12,0,79,1,(GMT+00:00) Etc/GMT,google,2022-12-19T22:28:06Z
8696941810,MIA Clothings,112063327,GBP,79,0,15,6,(GMT+00:00) Etc/GMT,google,2022-12-19T22:28:06Z
8696941810,MIA Clothings,968066330,GBP,15,0,23,2,(GMT+00:00) Etc/GMT,google,2022-12-19T22:28:06Z
8696941810,MIA Clothings,339193807,GBP,0,0,9,0,(GMT+00:00) Etc/GMT,google,2022-12-19T22:28:06Z
8696941810,MIA Clothings,324840727,GBP,0,0,7,0,(GMT+00:00) Etc/GMT,google,2022-12-19T22:28:06Z
8696941810,MIA Clothings,378639007,GBP,0,0,9,0,(GMT+00:00) Etc/GMT,google,2022-12-19T22:28:06Z
8696941810,MIA Clothings,134160847,GBP,0,0,34,0,(GMT+00:00) Etc/GMT,google,2022-12-19T22:28:06Z
8696941810,MIA Clothings,624708693,GBP,34,0,90,1,(GMT+00:00) Etc/GMT,google,2022-12-19T22:28:06Z
8696941810,MIA Clothings,154091047,GBP,790,2,122,22,(GMT+00:00) Etc/GMT,google,2022-12-19T22:28:06Z
8696941810,MIA Clothings,283344247,GBP,122,1,378,7,(GMT+00:00) Etc/GMT,google,2022-12-19T22:28:06Z
8696941810,MIA Clothings,8098913967,GBP,878,1,102,50,(GMT+00:00) Etc/GMT,google,2022-12-19T22:28:06Z
8696941810,MIA Clothings,64896727,GBP,102,2,49,21,(GMT+00:00) Etc/GMT,google,2022-12-19T22:28:06Z
8696941810,MIA Clothings,367244407,GBP,0,0,143,0,(GMT+00:00) Etc/GMT,google,2022-12-19T22:28:06Z
8696941810,MIA Clothings,1465251729,GBP,53,0,83,6,(GMT+00:00) Etc/GMT,google,2022-12-19T22:28:06Z
8696941810,MIA Clothings,138346447,GBP,0,0,3,0,(GMT+00:00) Etc/GMT,google,2022-12-19T22:28:06Z
8696941810,MIA Clothings,968066324,GBP,0,0,16,0,(GMT+00:00) Etc/GMT,google,2022-12-19T22:28:06Z
8696941810,MIA Clothings,165573007,GBP,0,0,38,0,(GMT+00:00) Etc/GMT,google,2022-12-19T22:28:06Z
8696941810,MIA Clothings,117966727,GBP,18,0,36,2,(GMT+00:00) Etc/GMT,google,2022-12-19T22:28:06Z
8696941810,MIA Clothings,308228767,GBP,16,0,11,2,(GMT+00:00) Etc/GMT,google,2022-12-19T22:28:06Z
8696941810,MIA Clothings,154091167,GBP,0,0,47,0,(GMT+00:00) Etc/GMT,google,2022-12-19T22:28:06Z
8696941810,MIA Clothings,315840727,GBP,47,2,47,6,(GMT+00:00) Etc/GMT,google,2022-12-19T22:28:06Z
8696941810,MIA Clothings,136103167,GBP,0,0,62,0,(GMT+00:00) Etc/GMT,google,2022-12-19T22:28:06Z
8696941810,MIA Clothings,8106155243,GBP,462,1,133,28,(GMT+00:00) Etc/GMT,google,2022-12-19T22:28:06Z
8696941810,MIA Clothings,92565847,GBP,33,0,17,2,(GMT+00:00) Etc/GMT,google,2022-12-19T22:28:06Z
8696941810,MIA Clothings,92541727,GBP,0,0,3,0,(GMT+00:00) Etc/GMT,google,2022-12-19T22:28:06Z
8696941810,MIA Clothings,206752447,GBP,3,0,19,1,(GMT+00:00) Etc/GMT,google,2022-12-19T22:28:06Z
8696941810,MIA Clothings,134161207,GBP,39,0,93,5,(GMT+00:00) Etc/GMT,google,2022-12-19T22:28:06Z
8696941810,MIA Clothings,92548447,GBP,93,0,56,2,(GMT+00:00) Etc/GMT,google,2022-12-19T22:28:06Z
8696941810,MIA Clothings,1465251726,GBP,56,2,2,16,(GMT+00:00) Etc/GMT,google,2022-12-19T22:28:06Z
8696941810,MIA Clothings,90379207,GBP,0,0,25,0,(GMT+00:00) Etc/GMT,google,2022-12-19T22:28:06Z
8696941810,MIA Clothings,280425007,GBP,4,2,87,1,(GMT+00:00) Etc/GMT,google,2022-12-19T22:28:06Z
8696941810,MIA Clothings,8106649109,GBP,87,1,16,4,(GMT+00:00) Etc/GMT,google,2022-12-19T22:28:06Z
8696941810,MIA Clothings,92703727,GBP,57,2,73,6,(GMT+00:00) Etc/GMT,google,2022-12-19T22:28:06Z
8696941810,MIA Clothings,1465251729,GBP,0,0,37,0,(GMT+00:00) Etc/GMT,google,2022-12-19T22:28:06Z
8696941810,MIA Clothings,1465251726,GBP,167,0,9,39,(GMT+00:00) Etc/GMT,google,2022-12-19T22:28:06Z
8696941810,MIA Clothings,8106649109,GBP,9,0,16,1,(GMT+00:00) Etc/GMT,google,2022-12-19T22:28:06Z
8696941810,MIA Clothings,1465251735,GBP,6,0,36,1,(GMT+00:00) Etc/GMT,google,2022-12-19T22:28:06Z
8696941810,MIA Clothings,249958567,GBP,0,0,9,0,(GMT+00:00) Etc/GMT,google,2022-12-19T22:28:06Z
8696941810,MIA Clothings,138346447,GBP,169,0,45,12,(GMT+00:00) Etc/GMT,google,2022-12-19T22:28:06Z
8696941810,MIA Clothings,1032413031,GBP,0,0,17,0,(GMT+00:00) Etc/GMT,google,2022-12-19T22:28:06Z
8696941810,MIA Clothings,8098913967,GBP,17,0,17,1,(GMT+00:00) Etc/GMT,google,2022-12-19T22:28:06Z
8696941810,MIA Clothings,968066330,GBP,0,0,122,0,(GMT+00:00) Etc/GMT,google,2022-12-19T22:28:06Z
8696941810,MIA Clothings,8106155243,GBP,72,1,1,9,(GMT+00:00) Etc/GMT,google,2022-12-19T22:28:06Z
8696941810,MIA Clothings,1465251735,GBP,0,0,3,0,(GMT+00:00) Etc/GMT,google,2022-12-19T22:28:06Z
8696941810,MIA Clothings,8106649109,GBP,3,0,23,1,(GMT+00:00) Etc/GMT,google,2022-12-19T22:28:06Z
8696941810,MIA Clothings,8106692819,GBP,0,0,0,0,(GMT+00:00) Etc/GMT,google,2022-12-19T22:28:06Z
8696941810,MIA Clothings,65023687,GBP,0,0,34,0,(GMT+00:00) Etc/GMT,google,2022-12-19T22:28:06Z
8696941810,MIA Clothings,64896727,GBP,34,3,145,3,(GMT+00:00) Etc/GMT,google,2022-12-19T22:28:06Z
8696941810,MIA Clothings,90379207,GBP,46,1,438,9,(GMT+00:00) Etc/GMT,google,2022-12-19T22:28:06Z
8696941810,MIA Clothings,968066321,GBP,38,2,441,7,(GMT+00:00) Etc/GMT,google,2022-12-19T22:28:06Z
8696941810,MIA Clothings,1465251726,GBP,81,0,497,20,(GMT+00:00) Etc/GMT,google,2022-12-19T22:28:06Z
8696941810,MIA Clothings,396425647,GBP,497,0,148,26,(GMT+00:00) Etc/GMT,google,2022-12-19T22:28:06Z
8696941810,MIA Clothings,1465251729,GBP,16,0,14,2,(GMT+00:00) Etc/GMT,google,2022-12-19T22:28:06Z
8696941810,MIA Clothings,249958567,GBP,0,0,14,0,(GMT+00:00) Etc/GMT,google,2022-12-19T22:28:06Z
8696941810,MIA Clothings,948027979,GBP,0,0,55,0,(GMT+00:00) Etc/GMT,google,2022-12-19T22:28:06Z
8696941810,MIA Clothings,136103167,GBP,55,0,33,3,(GMT+00:00) Etc/GMT,google,2022-12-19T22:28:06Z
8696941810,MIA Clothings,968066324,GBP,33,0,18,2,(GMT+00:00) Etc/GMT,google,2022-12-19T22:28:06Z
8696941810,MIA Clothings,1023850029,GBP,18,0,415,3,(GMT+00:00) Etc/GMT,google,2022-12-19T22:28:06Z
8696941810,MIA Clothings,92541727,GBP,73,2,528,13,(GMT+00:00) Etc/GMT,google,2022-12-19T22:28:06Z
8696941810,MIA Clothings,92548447,GBP,128,1,2,36,(GMT+00:00) Etc/GMT,google,2022-12-19T22:28:06Z
8696941810,MIA Clothings,1465251735,GBP,0,0,1,0,(GMT+00:00) Etc/GMT,google,2022-12-19T22:28:06Z
8696941810,MIA Clothings,1465251726,GBP,0,0,37,0,(GMT+00:00) Etc/GMT,google,2022-12-19T22:28:06Z
8696941810,MIA Clothings,1465251729,GBP,37,0,86,6,(GMT+00:00) Etc/GMT,google,2022-12-19T22:28:06Z
8696941810,MIA Clothings,8106340220,GBP,86,0,192,4,(GMT+00:00) Etc/GMT,google,2022-12-19T22:28:06Z
8696941810,MIA Clothings,246223687,GBP,192,0,240,14,(GMT+00:00) Etc/GMT,google,2022-12-19T22:28:06Z
8696941810,MIA Clothings,6483258891,GBP,240,0,17,10,(GMT+00:00) Etc/GMT,google,2022-12-19T22:28:06Z
8696941810,MIA Clothings,10026082440,GBP,17,0,63,2,(GMT+00:00) Etc/GMT,google,2022-12-19T22:28:06Z
8696941810,MIA Clothings,8106649109,GBP,0,0,46,0,(GMT+00:00) Etc/GMT,google,2022-12-19T22:28:06Z
8696941810,MIA Clothings,10271792566,GBP,96,0,114,17,(GMT+00:00) Etc/GMT,google,2022-12-19T22:28:06Z
8696941810,MIA Clothings,1641987534,GBP,0,0,35,0,(GMT+00:00) Etc/GMT,google,2022-12-19T22:28:06Z
8696941810,MIA Clothings,12527197899,GBP,35,0,27,2,(GMT+00:00) Etc/GMT,google,2022-12-19T22:28:06Z
8696941810,MIA Clothings,6876725515,GBP,27,1,33,2,(GMT+00:00) Etc/GMT,google,2022-12-19T22:28:06Z
8696941810,MIA Clothings,1032413031,GBP,33,1,87,3,(GMT+00:00) Etc/GMT,google,2022-12-19T22:28:06Z
8696941810,MIA Clothings,136103167,GBP,87,1,68,7,(GMT+00:00) Etc/GMT,google,2022-12-19T22:28:06Z
8696941810,MIA Clothings,134161207,GBP,68,2,156,5,(GMT+00:00) Etc/GMT,google,2022-12-19T22:28:06Z
8696941810,MIA Clothings,154090927,GBP,116,0,236,10,(GMT+00:00) Etc/GMT,google,2022-12-19T22:28:06Z
8696941810,MIA Clothings,308228767,GBP,86,0,319,9,(GMT+00:00) Etc/GMT,google,2022-12-19T22:28:06Z
8696941810,MIA Clothings,315840727,GBP,91,0,182,12,(GMT+00:00) Etc/GMT,google,2022-12-19T22:28:06Z
8696941810,MIA Clothings,90379207,GBP,82,0,77,15,(GMT+00:00) Etc/GMT,google,2022-12-19T22:28:06Z
8696941810,MIA Clothings,283344247,GBP,57,0,58,7,(GMT+00:00) Etc/GMT,google,2022-12-19T22:28:06Z
8696941810,MIA Clothings,948027979,GBP,0,0,39,0,(GMT+00:00) Etc/GMT,google,2022-12-19T22:28:06Z
8696941810,MIA Clothings,134160847,GBP,0,0,1,0,(GMT+00:00) Etc/GMT,google,2022-12-19T22:28:06Z
8696941810,MIA Clothings,324840727,GBP,0,0,3,0,(GMT+00:00) Etc/GMT,google,2022-12-19T22:28:06Z
8696941810,MIA Clothings,154091047,GBP,3,0,11,1,(GMT+00:00) Etc/GMT,google,2022-12-19T22:28:06Z
8696941810,MIA Clothings,339193807,GBP,1,1,17,1,(GMT+00:00) Etc/GMT,google,2022-12-19T22:28:06Z
8696941810,MIA Clothings,92559007,GBP,17,1,86,2,(GMT+00:00) Etc/GMT,google,2022-12-19T22:28:06Z
8696941810,MIA Clothings,138346447,GBP,106,1,82,28,(GMT+00:00) Etc/GMT,google,2022-12-19T22:28:06Z
8696941810,MIA Clothings,8106692819,GBP,82,2,190,10,(GMT+00:00) Etc/GMT,google,2022-12-19T22:28:06Z
8696941810,MIA Clothings,968066321,GBP,0,0,14,0,(GMT+00:00) Etc/GMT,google,2022-12-19T22:28:06Z
8696941810,MIA Clothings,367244407,GBP,414,0,2114,118,(GMT+00:00) Etc/GMT,google,2022-12-19T22:28:06Z
8696941810,MIA Clothings,968066330,GBP,0,0,0,0,(GMT+00:00) Etc/GMT,google,2022-12-19T22:28:06Z
8696941810,MIA Clothings,206752447,GBP,0,0,22,0,(GMT+00:00) Etc/GMT,google,2022-12-19T22:28:06Z
8696941810,MIA Clothings,117966727,GBP,22,0,5,1,(GMT+00:00) Etc/GMT,google,2022-12-19T22:28:06Z
8696941810,MIA Clothings,968066324,GBP,5,0,29,1,(GMT+00:00) Etc/GMT,google,2022-12-19T22:28:06Z
8696941810,MIA Clothings,112063327,GBP,0,0,19,0,(GMT+00:00) Etc/GMT,google,2022-12-19T22:28:06Z
8696941810,MIA Clothings,378639007,GBP,19,0,12,3,(GMT+00:00) Etc/GMT,google,2022-12-19T22:28:06Z
8696941810,MIA Clothings,17576779841,GBP,0,0,143,0,(GMT+00:00) Etc/GMT,google,2022-12-19T22:28:06Z
8696941810,MIA Clothings,8106155243,GBP,43,1,121,6,(GMT+00:00) Etc/GMT,google,2022-12-19T22:28:06Z
8696941810,MIA Clothings,92703727,GBP,0,0,7,0,(GMT+00:00) Etc/GMT,google,2022-12-19T22:28:06Z
8696941810,MIA Clothings,280425007,GBP,0,0,5,0,(GMT+00:00) Etc/GMT,google,2022-12-19T22:28:06Z
8696941810,MIA Clothings,154091167,GBP,0,0,27,0,(GMT+00:00) Etc/GMT,google,2022-12-19T22:28:06Z
8696941810,MIA Clothings,165573007,GBP,7,0,193,1,(GMT+00:00) Etc/GMT,google,2022-12-19T22:28:06Z
8696941810,MIA Clothings,92541727,GBP,77,0,311,11,(GMT+00:00) Etc/GMT,google,2022-12-19T22:28:06Z
8696941810,MIA Clothings,99917887,GBP,0,0,24,0,(GMT+00:00) Etc/GMT,google,2022-12-19T22:28:06Z
8696941810,MIA Clothings,92565847,GBP,64,0,38,6,(GMT+00:00) Etc/GMT,google,2022-12-19T22:28:06Z
8696941810,MIA Clothings,624708693,GBP,8,6,60,2,(GMT+00:00) Etc/GMT,google,2022-12-19T22:28:06Z
8696941810,MIA Clothings,64896727,GBP,26,1,75,3,(GMT+00:00) Etc/GMT,google,2022-12-19T22:28:06Z
8696941810,MIA Clothings,263109727,GBP,75,1,4,9,(GMT+00:00) Etc/GMT,google,2022-12-19T22:28:06Z
8696941810,MIA Clothings,378639127,GBP,0,0,0,0,(GMT+00:00) Etc/GMT,google,2022-12-19T22:28:06Z
8696941810,MIA Clothings,249958567,GBP,0,0,119,0,(GMT+00:00) Etc/GMT,google,2022-12-19T22:28:06Z
8696941810,MIA Clothings,1465251726,GBP,39,0,32,4,(GMT+00:00) Etc/GMT,google,2022-12-19T22:28:06Z
8696941810,MIA Clothings,8106649109,GBP,0,0,64,0,(GMT+00:00) Etc/GMT,google,2022-12-19T22:28:06Z
8696941810,MIA Clothings,1465251735,GBP,164,0,154,46,(GMT+00:00) Etc/GMT,google,2022-12-19T22:28:06Z
8696941810,MIA Clothings,1465251729,GBP,54,0,231,5,(GMT+00:00) Etc/GMT,google,2022-12-19T22:28:06Z
8696941810,MIA Clothings,263109727,GBP,0,0,19,0,(GMT+00:00) Etc/GMT,google,2022-12-19T22:28:06Z
8696941810,MIA Clothings,246223687,GBP,29,0,28,7,(GMT+00:00) Etc/GMT,google,2022-12-19T22:28:06Z
8696941810,MIA Clothings,249958567,GBP,28,0,21,5,(GMT+00:00) Etc/GMT,google,2022-12-19T22:28:06Z
8696941810,MIA Clothings,1566476610,GBP,21,0,14,1,(GMT+00:00) Etc/GMT,google,2022-12-19T22:28:06Z
8696941810,MIA Clothings,8099243757,GBP,0,0,9,0,(GMT+00:00) Etc/GMT,google,2022-12-19T22:28:06Z
8696941810,MIA Clothings,8106664973,GBP,0,0,3,0,(GMT+00:00) Etc/GMT,google,2022-12-19T22:28:06Z
8696941810,MIA Clothings,396443287,GBP,0,0,1,0,(GMT+00:00) Etc/GMT,google,2022-12-19T22:28:06Z
8696941810,MIA Clothings,92548447,GBP,0,0,2,0,(GMT+00:00) Etc/GMT,google,2022-12-19T22:28:06Z
8696941810,MIA Clothings,8106155243,GBP,0,0,41,0,(GMT+00:00) Etc/GMT,google,2022-12-19T22:28:06Z
8696941810,MIA Clothings,92541727,GBP,41,2,485,6,(GMT+00:00) Etc/GMT,google,2022-12-19T22:28:06Z
8696941810,MIA Clothings,8100582124,GBP,485,1,104,26,(GMT+00:00) Etc/GMT,google,2022-12-19T22:28:06Z
8696941810,MIA Clothings,8106692819,GBP,104,2,122,13,(GMT+00:00) Etc/GMT,google,2022-12-19T22:28:06Z
8696941810,MIA Clothings,6483258888,GBP,0,0,42,0,(GMT+00:00) Etc/GMT,google,2022-12-19T22:28:06Z
8696941810,MIA Clothings,6483258897,GBP,42,0,91,3,(GMT+00:00) Etc/GMT,google,2022-12-19T22:28:06Z
8696941810,MIA Clothings,79000927,GBP,0,0,24,0,(GMT+00:00) Etc/GMT,google,2022-12-19T22:28:06Z
8696941810,MIA Clothings,8098913967,GBP,87,0,120,15,(GMT+00:00) Etc/GMT,google,2022-12-19T22:28:06Z
8696941810,MIA Clothings,90379207,GBP,20,0,82,2,(GMT+00:00) Etc/GMT,google,2022-12-19T22:28:06Z
8696941810,MIA Clothings,65024527,GBP,0,0,64,0,(GMT+00:00) Etc/GMT,google,2022-12-19T22:28:06Z
8696941810,MIA Clothings,8100504949,GBP,64,0,73,4,(GMT+00:00) Etc/GMT,google,2022-12-19T22:28:06Z
8696941810,MIA Clothings,8106185951,GBP,0,0,47,0,(GMT+00:00) Etc/GMT,google,2022-12-19T22:28:06Z
8696941810,MIA Clothings,9715444785,GBP,427,2,293,20,(GMT+00:00) Etc/GMT,google,2022-12-19T22:28:06Z
8696941810,MIA Clothings,8106664973,GBP,93,1,15,12,(GMT+00:00) Etc/GMT,google,2022-12-19T22:28:06Z
8696941810,MIA Clothings,9715444785,GBP,15,1,11,3,(GMT+00:00) Etc/GMT,google,2022-12-19T22:28:06Z
8696941810,MIA Clothings,8106692819,GBP,0,0,36,0,(GMT+00:00) Etc/GMT,google,2022-12-19T22:28:06Z
8696941810,MIA Clothings,8100504949,GBP,36,1,13,2,(GMT+00:00) Etc/GMT,google,2022-12-19T22:28:06Z
8696941810,MIA Clothings,8098913967,GBP,0,0,9,0,(GMT+00:00) Etc/GMT,google,2022-12-19T22:28:06Z
8696941810,MIA Clothings,65024527,GBP,9,0,57,1,(GMT+00:00) Etc/GMT,google,2022-12-19T22:28:06Z
8696941810,MIA Clothings,90379207,GBP,57,0,72,6,(GMT+00:00) Etc/GMT,google,2022-12-19T22:28:06Z
8696941810,MIA Clothings,8106185951,GBP,72,0,91,4,(GMT+00:00) Etc/GMT,google,2022-12-19T22:28:06Z
8696941810,MIA Clothings,8106155243,GBP,0,0,15,0,(GMT+00:00) Etc/GMT,google,2022-12-19T22:28:06Z
8696941810,MIA Clothings,92541727,GBP,0,0,8,0,(GMT+00:00) Etc/GMT,google,2022-12-19T22:28:06Z
8696941810,MIA Clothings,6483258888,GBP,8,0,28,1,(GMT+00:00) Etc/GMT,google,2022-12-19T22:28:06Z
8696941810,MIA Clothings,79000927,GBP,28,0,57,2,(GMT+00:00) Etc/GMT,google,2022-12-19T22:28:06Z
8696941810,MIA Clothings,8099243757,GBP,57,2,12,3,(GMT+00:00) Etc/GMT,google,2022-12-19T22:28:06Z
8696941810,MIA Clothings,1566476610,GBP,0,0,57,0,(GMT+00:00) Etc/GMT,google,2022-12-19T22:28:06Z
8696941810,MIA Clothings,396443287,GBP,157,1,36,24,(GMT+00:00) Etc/GMT,google,2022-12-19T22:28:06Z
8696941810,MIA Clothings,6483258897,GBP,66,1,165,12,(GMT+00:00) Etc/GMT,google,2022-12-19T22:28:06Z
8696941810,MIA Clothings,246223687,GBP,65,1,45,4,(GMT+00:00) Etc/GMT,google,2022-12-19T22:28:06Z
8696941810,MIA Clothings,8100582124,GBP,5,0,20,1,(GMT+00:00) Etc/GMT,google,2022-12-19T22:28:06Z
8696941810,MIA Clothings,92548447,GBP,0,0,5,0,(GMT+00:00) Etc/GMT,google,2022-12-19T22:28:06Z
8696941810,MIA Clothings,10270794920,GBP,0,0,12,0,(GMT+00:00) Etc/GMT,google,2022-12-19T22:28:06Z
8696941810,MIA Clothings,10271823550,GBP,12,0,9,1,(GMT+00:00) Etc/GMT,google,2022-12-19T22:28:06Z
8696941810,MIA Clothings,9767715784,GBP,0,0,17,0,(GMT+00:00) Etc/GMT,google,2022-12-19T22:28:06Z
8696941810,MIA Clothings,9767715781,GBP,0,0,114,0,(GMT+00:00) Etc/GMT,google,2022-12-19T22:28:06Z
8696941810,MIA Clothings,10270557350,GBP,54,0,72,6,(GMT+00:00) Etc/GMT,google,2022-12-19T22:28:06Z
8696941810,MIA Clothings,8098913967,GBP,72,0,164,4,(GMT+00:00) Etc/GMT,google,2022-12-19T22:28:06Z
8696941810,MIA Clothings,8100504949,GBP,84,2,98,13,(GMT+00:00) Etc/GMT,google,2022-12-19T22:28:06Z
8696941810,MIA Clothings,12527197899,GBP,0,0,31,0,(GMT+00:00) Etc/GMT,google,2022-12-19T22:28:06Z
8696941810,MIA Clothings,6483258897,GBP,111,1,425,18,(GMT+00:00) Etc/GMT,google,2022-12-19T22:28:06Z
8696941810,MIA Clothings,8100582124,GBP,25,1,12,4,(GMT+00:00) Etc/GMT,google,2022-12-19T22:28:06Z
8696941810,MIA Clothings,6483258888,GBP,0,0,58,0,(GMT+00:00) Etc/GMT,google,2022-12-19T22:28:06Z
8696941810,MIA Clothings,10026082440,GBP,0,0,64,0,(GMT+00:00) Etc/GMT,google,2022-12-19T22:28:06Z
8696941810,MIA Clothings,8106185951,GBP,264,0,465,41,(GMT+00:00) Etc/GMT,google,2022-12-19T22:28:06Z
8696941810,MIA Clothings,6483258891,GBP,165,0,126,20,(GMT+00:00) Etc/GMT,google,2022-12-19T22:28:06Z
8696941810,MIA Clothings,6876725515,GBP,12,0,68,2,(GMT+00:00) Etc/GMT,google,2022-12-19T22:28:06Z
8696941810,MIA Clothings,396443287,GBP,68,0,92,9,(GMT+00:00) Etc/GMT,google,2022-12-19T22:28:06Z
8696941810,MIA Clothings,8106340220,GBP,29,0,100,7,(GMT+00:00) Etc/GMT,google,2022-12-19T22:28:06Z
8696941810,MIA Clothings,10271792566,GBP,45,0,72,9,(GMT+00:00) Etc/GMT,google,2022-12-19T22:28:06Z
8696941810,MIA Clothings,1641987534,GBP,0,0,36,0,(GMT+00:00) Etc/GMT,google,2022-12-19T22:28:06Z
8696941810,MIA Clothings,8106692819,GBP,0,0,15,0,(GMT+00:00) Etc/GMT,google,2022-12-19T22:28:06Z
8696941810,MIA Clothings,9715444785,GBP,15,0,120,1,(GMT+00:00) Etc/GMT,google,2022-12-19T22:28:06Z
8696941810,MIA Clothings,65024527,GBP,120,1,25,9,(GMT+00:00) Etc/GMT,google,2022-12-19T22:28:06Z
8696941810,MIA Clothings,79000927,GBP,0,0,33,0,(GMT+00:00) Etc/GMT,google,2022-12-19T22:28:06Z
8696941810,MIA Clothings,92548447,GBP,33,2,18,5,(GMT+00:00) Etc/GMT,google,2022-12-19T22:28:06Z
8696941810,MIA Clothings,90379207,GBP,18,0,170,2,(GMT+00:00) Etc/GMT,google,2022-12-19T22:28:06Z
8696941810,MIA Clothings,92541727,GBP,57,0,39,8,(GMT+00:00) Etc/GMT,google,2022-12-19T22:28:06Z
8696941810,MIA Clothings,8106664973,GBP,0,0,0,0,(GMT+00:00) Etc/GMT,google,2022-12-19T22:28:06Z
8696941810,MIA Clothings,8099243757,GBP,0,0,17,0,(GMT+00:00) Etc/GMT,google,2022-12-19T22:28:06Z
8696941810,MIA Clothings,8106155243,GBP,17,0,31,1,(GMT+00:00) Etc/GMT,google,2022-12-19T22:28:06Z
8696941810,MIA Clothings,1566476610,GBP,0,0,18,0,(GMT+00:00) Etc/GMT,google,2022-12-19T22:28:06Z
8696941810,MIA Clothings,6483258894,GBP,18,0,93,3,(GMT+00:00) Etc/GMT,google,2022-12-19T22:28:06Z
8696941810,MIA Clothings,9715444785,GBP,34,0,121,7,(GMT+00:00) Etc/GMT,google,2022-12-19T22:28:06Z
8696941810,MIA Clothings,92548447,GBP,61,2,58,9,(GMT+00:00) Etc/GMT,google,2022-12-19T22:28:06Z
8696941810,MIA Clothings,10271792566,GBP,0,0,101,0,(GMT+00:00) Etc/GMT,google,2022-12-19T22:28:06Z
8696941810,MIA Clothings,92541727,GBP,41,1,24,6,(GMT+00:00) Etc/GMT,google,2022-12-19T22:28:06Z
8696941810,MIA Clothings,90379207,GBP,0,0,42,0,(GMT+00:00) Etc/GMT,google,2022-12-19T22:28:06Z
8696941810,MIA Clothings,6483258894,GBP,172,3,347,39,(GMT+00:00) Etc/GMT,google,2022-12-19T22:28:06Z
8696941810,MIA Clothings,8106340220,GBP,47,2,63,6,(GMT+00:00) Etc/GMT,google,2022-12-19T22:28:06Z
8696941810,MIA Clothings,8106692819,GBP,63,1,158,20,(GMT+00:00) Etc/GMT,google,2022-12-19T22:28:06Z
8696941810,MIA Clothings,10026082440,GBP,58,4,39,21,(GMT+00:00) Etc/GMT,google,2022-12-19T22:28:06Z
8696941810,MIA Clothings,8099243757,GBP,39,2,48,3,(GMT+00:00) Etc/GMT,google,2022-12-19T22:28:06Z
8696941810,MIA Clothings,6483258888,GBP,48,1,14,4,(GMT+00:00) Etc/GMT,google,2022-12-19T22:28:06Z
8696941810,MIA Clothings,8106155243,GBP,0,0,3,0,(GMT+00:00) Etc/GMT,google,2022-12-19T22:28:06Z
8696941810,MIA Clothings,396443287,GBP,0,0,3,0,(GMT+00:00) Etc/GMT,google,2022-12-19T22:28:06Z
8696941810,MIA Clothings,8100582124,GBP,3,0,69,1,(GMT+00:00) Etc/GMT,google,2022-12-19T22:28:06Z
8696941810,MIA Clothings,65024527,GBP,69,0,205,6,(GMT+00:00) Etc/GMT,google,2022-12-19T22:28:06Z
8696941810,MIA Clothings,12527197899,GBP,130,0,250,21,(GMT+00:00) Etc/GMT,google,2022-12-19T22:28:06Z
8696941810,MIA Clothings,6483258891,GBP,0,0,48,0,(GMT+00:00) Etc/GMT,google,2022-12-19T22:28:06Z
8696941810,MIA Clothings,8100504949,GBP,8,0,7,1,(GMT+00:00) Etc/GMT,google,2022-12-19T22:28:06Z
8696941810,MIA Clothings,6876725515,GBP,0,0,1,0,(GMT+00:00) Etc/GMT,google,2022-12-19T22:28:06Z
8696941810,MIA Clothings,1641987534,GBP,0,0,54,0,(GMT+00:00) Etc/GMT,google,2022-12-19T22:28:06Z
8696941810,MIA Clothings,8098913967,GBP,7,0,4,1,(GMT+00:00) Etc/GMT,google,2022-12-19T22:28:06Z
8696941810,MIA Clothings,8106185951,GBP,8,0,83,2,(GMT+00:00) Etc/GMT,google,2022-12-19T22:28:06Z
8696941810,MIA Clothings,1566476610,GBP,0,0,7,0,(GMT+00:00) Etc/GMT,google,2022-12-19T22:28:06Z
8696941810,MIA Clothings,6483258897,GBP,0,0,14,0,(GMT+00:00) Etc/GMT,google,2022-12-19T22:28:06Z
8696941810,MIA Clothings,79000927,GBP,14,0,13,3,(GMT+00:00) Etc/GMT,google,2022-12-19T22:28:06Z
8696941810,MIA Clothings,8106664973,GBP,0,0,37,0,(GMT+00:00) Etc/GMT,google,2022-12-19T22:28:06Z
8696941810,MIA Clothings,10026082440,GBP,137,2,93,33,(GMT+00:00) Etc/GMT,google,2022-12-19T22:28:06Z
8696941810,MIA Clothings,10271792566,GBP,3,0,70,1,(GMT+00:00) Etc/GMT,google,2022-12-19T22:28:06Z
8696941810,MIA Clothings,6483258891,GBP,35,1,16,3,(GMT+00:00) Etc/GMT,google,2022-12-19T22:28:06Z
8696941810,MIA Clothings,12527197899,GBP,0,0,77,0,(GMT+00:00) Etc/GMT,google,2022-12-19T22:28:06Z
8696941810,MIA Clothings,1641987534,GBP,177,0,105,9,(GMT+00:00) Etc/GMT,google,2022-12-19T22:28:06Z
8696941810,MIA Clothings,8106340220,GBP,105,0,40,8,(GMT+00:00) Etc/GMT,google,2022-12-19T22:28:06Z
8696941810,MIA Clothings,6876725515,GBP,0,0,77,0,(GMT+00:00) Etc/GMT,google,2022-12-19T22:28:06Z
8696941810,MIA Clothings,9767715784,GBP,37,0,571,6,(GMT+00:00) Etc/GMT,google,2022-12-19T22:28:06Z
8696941810,MIA Clothings,10270794920,GBP,57,0,158,14,(GMT+00:00) Etc/GMT,google,2022-12-19T22:28:06Z
8696941810,MIA Clothings,10270557350,GBP,58,0,46,9,(GMT+00:00) Etc/GMT,google,2022-12-19T22:28:06Z
8696941810,MIA Clothings,10271823550,GBP,0,0,7,0,(GMT+00:00) Etc/GMT,google,2022-12-19T22:28:06Z
8696941810,MIA Clothings,9767715781,GBP,105,0,110,29,(GMT+00:00) Etc/GMT,google,2022-12-19T22:28:06Z
8696941810,MIA Clothings,10271823550,GBP,0,2,22,0,(GMT+00:00) Etc/GMT,google,2022-12-19T22:28:06Z
8696941810,MIA Clothings,10270794920,GBP,125,1,61,16,(GMT+00:00) Etc/GMT,google,2022-12-19T22:28:06Z
8696941810,MIA Clothings,9767715781,GBP,31,1,109,3,(GMT+00:00) Etc/GMT,google,2022-12-19T22:28:06Z
8696941810,MIA Clothings,9767715784,GBP,109,1,71,10,(GMT+00:00) Etc/GMT,google,2022-12-19T22:28:06Z
8696941810,MIA Clothings,12627108900,GBP,71,7,93,8,(GMT+00:00) Etc/GMT,google,2022-12-19T22:28:06Z
8696941810,MIA Clothings,12627108903,GBP,0,0,52,0,(GMT+00:00) Etc/GMT,google,2022-12-19T22:28:06Z
8696941810,MIA Clothings,12627108897,GBP,12,0,18,3,(GMT+00:00) Etc/GMT,google,2022-12-19T22:28:06Z
8696941810,MIA Clothings,10270557350,GBP,0,0,32,0,(GMT+00:00) Etc/GMT,google,2022-12-19T22:28:06Z
8696941810,MIA Clothings,14237577011,GBP,0,0,4,0,(GMT+00:00) Etc/GMT,google,2022-12-19T22:28:06Z
8696941810,MIA Clothings,9767715784,GBP,0,0,7,0,(GMT+00:00) Etc/GMT,google,2022-12-19T22:28:06Z
8696941810,MIA Clothings,9767715781,GBP,0,0,38,0,(GMT+00:00) Etc/GMT,google,2022-12-19T22:28:06Z
8696941810,MIA Clothings,10270557350,GBP,38,2,37,6,(GMT+00:00) Etc/GMT,google,2022-12-19T22:28:06Z
8696941810,MIA Clothings,10271823550,GBP,0,0,17,0,(GMT+00:00) Etc/GMT,google,2022-12-19T22:28:06Z
8696941810,MIA Clothings,10270794920,GBP,27,1,115,4,(GMT+00:00) Etc/GMT,google,2022-12-19T22:28:06Z
8696941810,MIA Clothings,10270794920,GBP,15,2,38,2,(GMT+00:00) Etc/GMT,google,2022-12-19T22:28:06Z
8696941810,MIA Clothings,9767715781,GBP,238,0,300,112,(GMT+00:00) Etc/GMT,google,2022-12-19T22:28:06Z
8696941810,MIA Clothings,10271823550,GBP,100,0,70,10,(GMT+00:00) Etc/GMT,google,2022-12-19T22:28:06Z
8696941810,MIA Clothings,9767715784,GBP,0,0,75,0,(GMT+00:00) Etc/GMT,google,2022-12-19T22:28:06Z
8696941810,MIA Clothings,10270557350,GBP,25,0,56,4,(GMT+00:00) Etc/GMT,google,2022-12-19T22:28:06Z
8696941810,MIA Clothings,948027979,GBP,34,0,43,4,(GMT+00:00) Etc/GMT,google,2022-12-19T22:28:06Z
8696941810,MIA Clothings,65023687,GBP,4,0,379,1,(GMT+00:00) Etc/GMT,google,2022-12-19T22:28:06Z
8696941810,MIA Clothings,90379207,GBP,79,0,166,10,(GMT+00:00) Etc/GMT,google,2022-12-19T22:28:06Z
8696941810,MIA Clothings,263109727,GBP,14,0,12,2,(GMT+00:00) Etc/GMT,google,2022-12-19T22:28:06Z
8696941810,MIA Clothings,1032413031,GBP,0,0,5,0,(GMT+00:00) Etc/GMT,google,2022-12-19T22:28:06Z
8696941810,MIA Clothings,136103167,GBP,5,0,17,1,(GMT+00:00) Etc/GMT,google,2022-12-19T22:28:06Z
8696941810,MIA Clothings,1023850029,GBP,17,1,85,3,(GMT+00:00) Etc/GMT,google,2022-12-19T22:28:06Z
8696941810,MIA Clothings,8098913967,GBP,15,1,63,2,(GMT+00:00) Etc/GMT,google,2022-12-19T22:28:06Z
8696941810,MIA Clothings,92548447,GBP,34,2,23,5,(GMT+00:00) Etc/GMT,google,2022-12-19T22:28:06Z
8696941810,MIA Clothings,8106692819,GBP,6,0,380,1,(GMT+00:00) Etc/GMT,google,2022-12-19T22:28:06Z
8696941810,MIA Clothings,134161207,GBP,38,0,578,8,(GMT+00:00) Etc/GMT,google,2022-12-19T22:28:06Z
8696941810,MIA Clothings,64896727,GBP,57,0,100,23,(GMT+00:00) Etc/GMT,google,2022-12-19T22:28:06Z
8696941810,MIA Clothings,1623134807,GBP,0,0,17,0,(GMT+00:00) Etc/GMT,google,2022-12-19T22:28:06Z
8696941810,MIA Clothings,1623134807,GBP,0,0,19,0,(GMT+00:00) Etc/GMT,google,2022-12-19T22:28:06Z
8696941810,MIA Clothings,1623134807,GBP,19,0,113,3,(GMT+00:00) Etc/GMT,google,2022-12-19T22:28:06Z
8696941810,MIA Clothings,12627108897,GBP,113,0,70,13,(GMT+00:00) Etc/GMT,google,2022-12-19T22:28:06Z
8696941810,MIA Clothings,396443287,GBP,0,0,14,0,(GMT+00:00) Etc/GMT,google,2022-12-19T22:28:06Z
8696941810,MIA Clothings,396425647,GBP,14,0,22,1,(GMT+00:00) Etc/GMT,google,2022-12-19T22:28:06Z
8696941810,MIA Clothings,12627108903,GBP,22,1,27,2,(GMT+00:00) Etc/GMT,google,2022-12-19T22:28:06Z
8696941810,MIA Clothings,8106664973,GBP,27,1,65,3,(GMT+00:00) Etc/GMT,google,2022-12-19T22:28:06Z
8696941810,MIA Clothings,14237577011,GBP,85,1,139,15,(GMT+00:00) Etc/GMT,google,2022-12-19T22:28:06Z
8696941810,MIA Clothings,12627108900,GBP,69,1,98,8,(GMT+00:00) Etc/GMT,google,2022-12-19T22:28:06Z
8696941810,MIA Clothings,1623134807,GBP,34,1,38,4,(GMT+00:00) Etc/GMT,google,2022-12-19T22:28:06Z
8696941810,MIA Clothings,1623134807,GBP,18,0,32,2,(GMT+00:00) Etc/GMT,google,2022-12-19T22:28:06Z
8696941810,MIA Clothings,134161207,GBP,0,0,77,0,(GMT+00:00) Etc/GMT,google,2022-12-19T22:28:06Z
8696941810,MIA Clothings,90379207,GBP,0,0,4,0,(GMT+00:00) Etc/GMT,google,2022-12-19T22:28:06Z
8696941810,MIA Clothings,8106692819,GBP,0,0,53,0,(GMT+00:00) Etc/GMT,google,2022-12-19T22:28:06Z
8696941810,MIA Clothings,64896727,GBP,76,0,134,9,(GMT+00:00) Etc/GMT,google,2022-12-19T22:28:06Z
8696941810,MIA Clothings,136103167,GBP,34,0,340,7,(GMT+00:00) Etc/GMT,google,2022-12-19T22:28:06Z
8696941810,MIA Clothings,1623134807,GBP,90,0,220,13,(GMT+00:00) Etc/GMT,google,2022-12-19T22:28:06Z
8696941810,MIA Clothings,9731452489,GBP,88,0,61,11,(GMT+00:00) Etc/GMT,google,2022-12-19T22:28:06Z
8696941810,MIA Clothings,9731452489,GBP,6,0,8,1,(GMT+00:00) Etc/GMT,google,2022-12-19T22:28:06Z
8696941810,MIA Clothings,249958567,GBP,0,0,4,0,(GMT+00:00) Etc/GMT,google,2022-12-19T22:28:06Z
8696941810,MIA Clothings,9731452489,GBP,0,0,8,0,(GMT+00:00) Etc/GMT,google,2022-12-19T22:28:06Z
8696941810,MIA Clothings,90379207,GBP,7,0,15,1,(GMT+00:00) Etc/GMT,google,2022-12-19T22:28:06Z
8696941810,MIA Clothings,396443287,GBP,15,0,133,1,(GMT+00:00) Etc/GMT,google,2022-12-19T22:28:06Z
8696941810,MIA Clothings,136103167,GBP,53,4,34,9,(GMT+00:00) Etc/GMT,google,2022-12-19T22:28:06Z
8696941810,MIA Clothings,134161207,GBP,0,0,89,0,(GMT+00:00) Etc/GMT,google,2022-12-19T22:28:06Z
8696941810,MIA Clothings,8106664973,GBP,89,1,186,8,(GMT+00:00) Etc/GMT,google,2022-12-19T22:28:06Z
8696941810,MIA Clothings,8106692819,GBP,106,1,120,15,(GMT+00:00) Etc/GMT,google,2022-12-19T22:28:06Z
8696941810,MIA Clothings,64896727,GBP,0,0,11,0,(GMT+00:00) Etc/GMT,google,2022-12-19T22:28:06Z
8696941810,MIA Clothings,9731452489,GBP,81,1,66,5,(GMT+00:00) Etc/GMT,google,2022-12-19T22:28:06Z
8696941810,MIA Clothings,263109727,GBP,0,0,122,0,(GMT+00:00) Etc/GMT,google,2022-12-19T22:28:06Z
8696941810,MIA Clothings,9731452489,GBP,72,1,75,5,(GMT+00:00) Etc/GMT,google,2022-12-19T22:28:06Z
8696941810,MIA Clothings,378639127,GBP,75,0,30,4,(GMT+00:00) Etc/GMT,google,2022-12-19T22:28:06Z
8696941810,MIA Clothings,9731452489,GBP,30,0,4,1,(GMT+00:00) Etc/GMT,google,2022-12-19T22:28:06Z
8696941810,MIA Clothings,324840727,GBP,0,0,5,0,(GMT+00:00) Etc/GMT,google,2022-12-19T22:28:06Z
8696941810,MIA Clothings,396425647,GBP,545,0,1045,120,(GMT+00:00) Etc/GMT,google,2022-12-19T22:28:06Z
8696941810,MIA Clothings,968066321,GBP,0,0,2,0,(GMT+00:00) Etc/GMT,google,2022-12-19T22:28:06Z
8696941810,MIA Clothings,8106664973,GBP,0,0,45,0,(GMT+00:00) Etc/GMT,google,2022-12-19T22:28:06Z
8696941810,MIA Clothings,154091047,GBP,25,0,16,4,(GMT+00:00) Etc/GMT,google,2022-12-19T22:28:06Z
8696941810,MIA Clothings,92559007,GBP,0,0,24,0,(GMT+00:00) Etc/GMT,google,2022-12-19T22:28:06Z
8696941810,MIA Clothings,8098913967,GBP,7,0,18,1,(GMT+00:00) Etc/GMT,google,2022-12-19T22:28:06Z
8696941810,MIA Clothings,165573007,GBP,18,0,50,2,(GMT+00:00) Etc/GMT,google,2022-12-19T22:28:06Z
8696941810,MIA Clothings,8106692819,GBP,0,0,18,0,(GMT+00:00) Etc/GMT,google,2022-12-19T22:28:06Z
8696941810,MIA Clothings,308228767,GBP,0,0,47,0,(GMT+00:00) Etc/GMT,google,2022-12-19T22:28:06Z
8696941810,MIA Clothings,17576779841,GBP,47,1,260,21,(GMT+00:00) Etc/GMT,google,2022-12-19T22:28:06Z
8696941810,MIA Clothings,65023687,GBP,260,1,1440,51,(GMT+00:00) Etc/GMT,google,2022-12-19T22:28:06Z
8696941810,MIA Clothings,968066330,GBP,80,2,128,13,(GMT+00:00) Etc/GMT,google,2022-12-19T22:28:06Z
8696941810,MIA Clothings,64896727,GBP,128,0,129,11,(GMT+00:00) Etc/GMT,google,2022-12-19T22:28:06Z
8696941810,MIA Clothings,8106155243,GBP,0,0,4,0,(GMT+00:00) Etc/GMT,google,2022-12-19T22:28:06Z
8696941810,MIA Clothings,154091167,GBP,0,0,28,0,(GMT+00:00) Etc/GMT,google,2022-12-19T22:28:06Z
8696941810,MIA Clothings,112063327,GBP,0,0,63,0,(GMT+00:00) Etc/GMT,google,2022-12-19T22:28:06Z
8696941810,MIA Clothings,92565847,GBP,0,0,48,0,(GMT+00:00) Etc/GMT,google,2022-12-19T22:28:06Z
8696941810,MIA Clothings,136103167,GBP,48,0,46,3,(GMT+00:00) Etc/GMT,google,2022-12-19T22:28:06Z
8696941810,MIA Clothings,339193807,GBP,0,0,9,0,(GMT+00:00) Etc/GMT,google,2022-12-19T22:28:06Z
8696941810,MIA Clothings,134160847,GBP,9,0,63,1,(GMT+00:00) Etc/GMT,google,2022-12-19T22:28:06Z
8696941810,MIA Clothings,134161207,GBP,6,0,158,1,(GMT+00:00) Etc/GMT,google,2022-12-19T22:28:06Z
8696941810,MIA Clothings,283344247,GBP,68,1,129,11,(GMT+00:00) Etc/GMT,google,2022-12-19T22:28:06Z
8696941810,MIA Clothings,138346447,GBP,0,0,18,0,(GMT+00:00) Etc/GMT,google,2022-12-19T22:28:06Z
8696941810,MIA Clothings,206752447,GBP,7,0,16,1,(GMT+00:00) Etc/GMT,google,2022-12-19T22:28:06Z
8696941810,MIA Clothings,280425007,GBP,16,1,30,2,(GMT+00:00) Etc/GMT,google,2022-12-19T22:28:06Z
8696941810,MIA Clothings,117966727,GBP,30,1,253,2,(GMT+00:00) Etc/GMT,google,2022-12-19T22:28:06Z
8696941810,MIA Clothings,624708693,GBP,153,1,104,15,(GMT+00:00) Etc/GMT,google,2022-12-19T22:28:06Z
8696941810,MIA Clothings,968066324,GBP,104,1,138,8,(GMT+00:00) Etc/GMT,google,2022-12-19T22:28:06Z
8696941810,MIA Clothings,396443287,GBP,118,0,321,12,(GMT+00:00) Etc/GMT,google,2022-12-19T22:28:06Z
8696941810,MIA Clothings,315840727,GBP,0,0,21,0,(GMT+00:00) Etc/GMT,google,2022-12-19T22:28:06Z
8696941810,MIA Clothings,378639007,GBP,21,1,101,3,(GMT+00:00) Etc/GMT,google,2022-12-19T22:28:06Z
8696941810,MIA Clothings,367244407,GBP,101,1,140,10,(GMT+00:00) Etc/GMT,google,2022-12-19T22:28:06Z
8696941810,MIA Clothings,92541727,GBP,14,0,61,1,(GMT+00:00) Etc/GMT,google,2022-12-19T22:28:06Z
8696941810,MIA Clothings,92548447,GBP,0,0,32,0,(GMT+00:00) Etc/GMT,google,2022-12-19T22:28:06Z
8696941810,MIA Clothings,90379207,GBP,32,0,588,3,(GMT+00:00) Etc/GMT,google,2022-12-19T22:28:06Z
8696941810,MIA Clothings,99917887,GBP,88,0,443,21,(GMT+00:00) Etc/GMT,google,2022-12-19T22:28:06Z
8696941810,MIA Clothings,92703727,GBP,92,0,543,24,(GMT+00:00) Etc/GMT,google,2022-12-19T22:28:06Z
8696941810,MIA Clothings,378639127,GBP,25,0,19,1,(GMT+00:00) Etc/GMT,google,2022-12-19T22:28:06Z
8696941810,MIA Clothings,1465251726,GBP,0,0,10,0,(GMT+00:00) Etc/GMT,google,2022-12-19T22:28:06Z
8696941810,MIA Clothings,1465251735,GBP,0,0,92,0,(GMT+00:00) Etc/GMT,google,2022-12-19T22:28:06Z
8696941810,MIA Clothings,246223687,GBP,392,0,130,20,(GMT+00:00) Etc/GMT,google,2022-12-19T22:28:06Z
8696941810,MIA Clothings,8106649109,GBP,3,0,34,1,(GMT+00:00) Etc/GMT,google,2022-12-19T22:28:06Z
8696941810,MIA Clothings,263109727,GBP,0,0,17,0,(GMT+00:00) Etc/GMT,google,2022-12-19T22:28:06Z
8696941810,MIA Clothings,1465251729,GBP,0,0,47,0,(GMT+00:00) Etc/GMT,google,2022-12-19T22:28:06Z
8696941810,MIA Clothings,14237577011,GBP,7,0,268,1,(GMT+00:00) Etc/GMT,google,2022-12-19T22:28:06Z
8696941810,MIA Clothings,12627108897,GBP,108,0,3,27,(GMT+00:00) Etc/GMT,google,2022-12-19T22:28:06Z
8696941810,MIA Clothings,12627108903,GBP,0,0,7,0,(GMT+00:00) Etc/GMT,google,2022-12-19T22:28:06Z
8696941810,MIA Clothings,12627108900,GBP,0,0,107,0,(GMT+00:00) Etc/GMT,google,2022-12-19T22:28:06Z
8696941810,MIA Clothings,1465251729,GBP,87,1,44,4,(GMT+00:00) Etc/GMT,google,2022-12-19T22:28:06Z
8696941810,MIA Clothings,8106649109,GBP,0,0,5,0,(GMT+00:00) Etc/GMT,google,2022-12-19T22:28:06Z
8696941810,MIA Clothings,79000927,GBP,5,0,235,1,(GMT+00:00) Etc/GMT,google,2022-12-19T22:28:06Z
8696941810,MIA Clothings,1465251735,GBP,75,0,287,15,(GMT+00:00) Etc/GMT,google,2022-12-19T22:28:06Z
8696941810,MIA Clothings,1465251726,GBP,87,0,5,15,(GMT+00:00) Etc/GMT,google,2022-12-19T22:28:06Z
8696941810,MIA Clothings,8100582124,GBP,0,0,47,0,(GMT+00:00) Etc/GMT,google,2022-12-19T22:28:06Z
8696941810,MIA Clothings,1465251726,GBP,66,0,166,11,(GMT+00:00) Etc/GMT,google,2022-12-19T22:28:06Z
8696941810,MIA Clothings,8106649109,GBP,26,0,799,4,(GMT+00:00) Etc/GMT,google,2022-12-19T22:28:06Z
8696941810,MIA Clothings,1465251735,GBP,199,0,2242,98,(GMT+00:00) Etc/GMT,google,2022-12-19T22:28:06Z
8696941810,MIA Clothings,1465251729,GBP,0,0,1,0,(GMT+00:00) Etc/GMT,google,2022-12-19T22:28:06Z
8696941810,MIA Clothings,378639127,GBP,0,0,24,0,(GMT+00:00) Etc/GMT,google,2022-12-19T22:28:06Z
8696941810,MIA Clothings,1465251735,GBP,0,0,52,0,(GMT+00:00) Etc/GMT,google,2022-12-19T22:28:06Z
8696941810,MIA Clothings,8106649109,GBP,24,1,87,3,(GMT+00:00) Etc/GMT,google,2022-12-19T22:28:06Z
8696941810,MIA Clothings,1465251726,GBP,28,2,53,5,(GMT+00:00) Etc/GMT,google,2022-12-19T22:28:06Z
8696941810,MIA Clothings,1465251729,GBP,23,0,50,4,(GMT+00:00) Etc/GMT,google,2022-12-19T22:28:06Z
8696941810,MIA Clothings,1729979264,GBP,0,0,17,0,(GMT+00:00) Etc/GMT,google,2022-12-19T22:28:06Z
8696941810,MIA Clothings,9715444785,GBP,7,0,55,1,(GMT+00:00) Etc/GMT,google,2022-12-19T22:28:06Z
8696941810,MIA Clothings,1465251735,GBP,0,0,9,0,(GMT+00:00) Etc/GMT,google,2022-12-19T22:28:06Z
8696941810,MIA Clothings,92548447,GBP,0,0,108,0,(GMT+00:00) Etc/GMT,google,2022-12-19T22:28:06Z
8696941810,MIA Clothings,90379207,GBP,108,0,1095,37,(GMT+00:00) Etc/GMT,google,2022-12-19T22:28:06Z
8696941810,MIA Clothings,6483258894,GBP,109,0,798,40,(GMT+00:00) Etc/GMT,google,2022-12-19T22:28:06Z
8696941810,MIA Clothings,17576779841,GBP,9,0,67,3,(GMT+00:00) Etc/GMT,google,2022-12-19T22:28:06Z
8696941810,MIA Clothings,8106649109,GBP,27,0,137,6,(GMT+00:00) Etc/GMT,google,2022-12-19T22:28:06Z
8696941810,MIA Clothings,134161207,GBP,13,0,28,3,(GMT+00:00) Etc/GMT,google,2022-12-19T22:28:06Z
8696941810,MIA Clothings,8099243757,GBP,18,0,90,3,(GMT+00:00) Etc/GMT,google,2022-12-19T22:28:06Z
8696941810,MIA Clothings,64896727,GBP,0,0,399,0,(GMT+00:00) Etc/GMT,google,2022-12-19T22:28:06Z
8696941810,MIA Clothings,1465251729,GBP,99,0,919,21,(GMT+00:00) Etc/GMT,google,2022-12-19T22:28:06Z
8696941810,MIA Clothings,6876725515,GBP,919,9,2870,259,(GMT+00:00) Etc/GMT,google,2022-12-19T22:28:06Z
8696941810,MIA Clothings,8106664973,GBP,42,0,78,5,(GMT+00:00) Etc/GMT,google,2022-12-19T22:28:06Z
8696941810,MIA Clothings,8106340220,GBP,8,0,22,2,(GMT+00:00) Etc/GMT,google,2022-12-19T22:28:06Z
8696941810,MIA Clothings,948027979,GBP,7,1,347,1,(GMT+00:00) Etc/GMT,google,2022-12-19T22:28:06Z
8696941810,MIA Clothings,1023850029,GBP,347,1,4,35,(GMT+00:00) Etc/GMT,google,2022-12-19T22:28:06Z
8696941810,MIA Clothings,8098913967,GBP,0,0,64,0,(GMT+00:00) Etc/GMT,google,2022-12-19T22:28:06Z
8696941810,MIA Clothings,396443287,GBP,6,2,315,3,(GMT+00:00) Etc/GMT,google,2022-12-19T22:28:06Z
8696941810,MIA Clothings,1449926104,GBP,115,0,1,27,(GMT+00:00) Etc/GMT,google,2022-12-19T22:28:06Z
8696941810,MIA Clothings,1641987534,GBP,0,0,122,0,(GMT+00:00) Etc/GMT,google,2022-12-19T22:28:06Z
8696941810,MIA Clothings,1465251726,GBP,22,1,398,6,(GMT+00:00) Etc/GMT,google,2022-12-19T22:28:06Z
8696941810,MIA Clothings,6483258888,GBP,0,0,16,0,(GMT+00:00) Etc/GMT,google,2022-12-19T22:28:06Z
8696941810,MIA Clothings,6483258891,GBP,16,0,74,2,(GMT+00:00) Etc/GMT,google,2022-12-19T22:28:06Z
8696941810,MIA Clothings,99917887,GBP,74,0,40,6,(GMT+00:00) Etc/GMT,google,2022-12-19T22:28:06Z
8696941810,MIA Clothings,6483258897,GBP,0,0,24,0,(GMT+00:00) Etc/GMT,google,2022-12-19T22:28:06Z
8696941810,MIA Clothings,79000927,GBP,24,0,28,4,(GMT+00:00) Etc/GMT,google,2022-12-19T22:28:06Z
8696941810,MIA Clothings,8100582124,GBP,8,0,4,1,(GMT+00:00) Etc/GMT,google,2022-12-19T22:28:06Z
8696941810,MIA Clothings,65023687,GBP,0,0,56,0,(GMT+00:00) Etc/GMT,google,2022-12-19T22:28:06Z
8696941810,MIA Clothings,1032413031,GBP,56,0,201,6,(GMT+00:00) Etc/GMT,google,2022-12-19T22:28:06Z
8696941810,MIA Clothings,10026082440,GBP,78,0,9614,13,(GMT+00:00) Etc/GMT,google,2022-12-19T22:28:06Z
8696941810,MIA Clothings,8106692819,GBP,614,10,2179,187,(GMT+00:00) Etc/GMT,google,2022-12-19T22:28:06Z
8696941810,MIA Clothings,396425647,GBP,579,17,2249,207,(GMT+00:00) Etc/GMT,google,2022-12-19T22:28:06Z
8696941810,MIA Clothings,10271792566,GBP,349,2,98,5,(GMT+00:00) Etc/GMT,google,2022-12-19T22:28:06Z
8696941810,MIA Clothings,12527197899,GBP,0,0,38,0,(GMT+00:00) Etc/GMT,google,2022-12-19T22:28:06Z
8696941810,MIA Clothings,9767715781,GBP,8,0,36,1,(GMT+00:00) Etc/GMT,google,2022-12-19T22:28:06Z
8696941810,MIA Clothings,12627108897,GBP,36,0,57,5,(GMT+00:00) Etc/GMT,google,2022-12-19T22:28:06Z
8696941810,MIA Clothings,10271823550,GBP,0,0,12,0,(GMT+00:00) Etc/GMT,google,2022-12-19T22:28:06Z
8696941810,MIA Clothings,12627108900,GBP,0,0,25,0,(GMT+00:00) Etc/GMT,google,2022-12-19T22:28:06Z
8696941810,MIA Clothings,14237577011,GBP,5,0,41,1,(GMT+00:00) Etc/GMT,google,2022-12-19T22:28:06Z
8696941810,MIA Clothings,9767715784,GBP,14,0,57,2,(GMT+00:00) Etc/GMT,google,2022-12-19T22:28:06Z
8696941810,MIA Clothings,10270794920,GBP,17,1,166,3,(GMT+00:00) Etc/GMT,google,2022-12-19T22:28:06Z
8696941810,MIA Clothings,10270557350,GBP,46,0,58,13,(GMT+00:00) Etc/GMT,google,2022-12-19T22:28:06Z
8696941810,MIA Clothings,12627108903,GBP,8,0,248,1,(GMT+00:00) Etc/GMT,google,2022-12-19T22:28:06Z
8696941810,MIA Clothings,1566476610,GBP,24,0,647,2,(GMT+00:00) Etc/GMT,google,2022-12-19T22:28:06Z
8696941810,MIA Clothings,1463952852,GBP,67,0,151,30,(GMT+00:00) Etc/GMT,google,2022-12-19T22:28:06Z
8696941810,MIA Clothings,280425007,GBP,11,0,73,3,(GMT+00:00) Etc/GMT,google,2022-12-19T22:28:06Z
8696941810,MIA Clothings,968066324,GBP,0,0,309,0,(GMT+00:00) Etc/GMT,google,2022-12-19T22:28:06Z
8696941810,MIA Clothings,968066321,GBP,309,0,616,18,(GMT+00:00) Etc/GMT,google,2022-12-19T22:28:06Z
8696941810,MIA Clothings,378639127,GBP,16,0,195,1,(GMT+00:00) Etc/GMT,google,2022-12-19T22:28:06Z
8696941810,MIA Clothings,324840727,GBP,195,0,967,11,(GMT+00:00) Etc/GMT,google,2022-12-19T22:28:06Z
8696941810,MIA Clothings,263109727,GBP,967,0,578,42,(GMT+00:00) Etc/GMT,google,2022-12-19T22:28:06Z
8696941810,MIA Clothings,246223687,GBP,8,0,101,1,(GMT+00:00) Etc/GMT,google,2022-12-19T22:28:06Z
8696941810,MIA Clothings,968066330,GBP,101,0,55,4,(GMT+00:00) Etc/GMT,google,2022-12-19T22:28:06Z
8696941810,MIA Clothings,138346447,GBP,0,0,9,0,(GMT+00:00) Etc/GMT,google,2022-12-19T22:28:06Z
8696941810,MIA Clothings,378639007,GBP,0,0,66,0,(GMT+00:00) Etc/GMT,google,2022-12-19T22:28:06Z
8696941810,MIA Clothings,308228767,GBP,34,0,57,2,(GMT+00:00) Etc/GMT,google,2022-12-19T22:28:06Z
8696941810,MIA Clothings,136103167,GBP,57,1,20,4,(GMT+00:00) Etc/GMT,google,2022-12-19T22:28:06Z
8696941810,MIA Clothings,92541727,GBP,20,0,54,1,(GMT+00:00) Etc/GMT,google,2022-12-19T22:28:06Z
8696941810,MIA Clothings,8106155243,GBP,17,1,8,3,(GMT+00:00) Etc/GMT,google,2022-12-19T22:28:06Z
8696941810,MIA Clothings,9767715784,GBP,8,0,222,1,(GMT+00:00) Etc/GMT,google,2022-12-19T22:28:06Z
8696941810,MIA Clothings,9767715781,GBP,82,2,43,7,(GMT+00:00) Etc/GMT,google,2022-12-19T22:28:06Z
8696941810,MIA Clothings,14237577011,GBP,23,0,102,2,(GMT+00:00) Etc/GMT,google,2022-12-19T22:28:06Z
8696941810,MIA Clothings,10271823550,GBP,82,0,29,8,(GMT+00:00) Etc/GMT,google,2022-12-19T22:28:06Z
8696941810,MIA Clothings,12627108903,GBP,9,0,87,1,(GMT+00:00) Etc/GMT,google,2022-12-19T22:28:06Z
8696941810,MIA Clothings,12627108900,GBP,127,10,308,42,(GMT+00:00) Etc/GMT,google,2022-12-19T22:28:06Z
8696941810,MIA Clothings,10270557350,GBP,98,2,354,26,(GMT+00:00) Etc/GMT,google,2022-12-19T22:28:06Z
8696941810,MIA Clothings,12627108897,GBP,0,0,30,0,(GMT+00:00) Etc/GMT,google,2022-12-19T22:28:06Z
8696941810,MIA Clothings,10270794920,GBP,30,0,87,2,(GMT+00:00) Etc/GMT,google,2022-12-19T22:28:06Z
8696941810,MIA Clothings,9731452489,GBP,0,0,13,0,(GMT+00:00) Etc/GMT,google,2022-12-19T22:28:06Z
8696941810,MIA Clothings,9597200584,GBP,13,0,34,1,(GMT+00:00) Etc/GMT,google,2022-12-19T22:28:06Z
8696941810,MIA Clothings,6483258888,GBP,0,0,8,0,(GMT+00:00) Etc/GMT,google,2022-12-19T22:28:06Z
8696941810,MIA Clothings,12527197899,GBP,8,1,102,1,(GMT+00:00) Etc/GMT,google,2022-12-19T22:28:06Z
8696941810,MIA Clothings,6483258891,GBP,24,1,662,4,(GMT+00:00) Etc/GMT,google,2022-12-19T22:28:06Z
8696941810,MIA Clothings,6876725515,GBP,662,2,2165,132,(GMT+00:00) Etc/GMT,google,2022-12-19T22:28:06Z
8696941810,MIA Clothings,1641987534,GBP,65,0,40,6,(GMT+00:00) Etc/GMT,google,2022-12-19T22:28:06Z
8696941810,MIA Clothings,6483258894,GBP,40,0,20,3,(GMT+00:00) Etc/GMT,google,2022-12-19T22:28:06Z
8696941810,MIA Clothings,8099243757,GBP,20,0,11,1,(GMT+00:00) Etc/GMT,google,2022-12-19T22:28:06Z
8696941810,MIA Clothings,1566476610,GBP,11,0,25,1,(GMT+00:00) Etc/GMT,google,2022-12-19T22:28:06Z
8696941810,MIA Clothings,8106340220,GBP,25,0,82,3,(GMT+00:00) Etc/GMT,google,2022-12-19T22:28:06Z
8696941810,MIA Clothings,6483258897,GBP,82,0,114,5,(GMT+00:00) Etc/GMT,google,2022-12-19T22:28:06Z
8696941810,MIA Clothings,65024527,GBP,84,0,113,9,(GMT+00:00) Etc/GMT,google,2022-12-19T22:28:06Z
8696941810,MIA Clothings,10026082440,GBP,7,0,87,1,(GMT+00:00) Etc/GMT,google,2022-12-19T22:28:06Z
8696941810,MIA Clothings,1623134807,GBP,0,0,66,0,(GMT+00:00) Etc/GMT,google,2022-12-19T22:28:06Z
8696941810,MIA Clothings,10271792566,GBP,166,0,6,37,(GMT+00:00) Etc/GMT,google,2022-12-19T22:28:06Z
8696941810,MIA Clothings,9715444785,GBP,0,0,81,0,(GMT+00:00) Etc/GMT,google,2022-12-19T22:28:06Z
8696941810,MIA Clothings,324840727,GBP,0,0,52,0,(GMT+00:00) Etc/GMT,google,2022-12-19T22:28:06Z
8696941810,MIA Clothings,99917887,GBP,5,0,39,1,(GMT+00:00) Etc/GMT,google,2022-12-19T22:28:06Z
8696941810,MIA Clothings,1023850029,GBP,9,0,67,1,(GMT+00:00) Etc/GMT,google,2022-12-19T22:28:06Z
8696941810,MIA Clothings,1465251729,GBP,67,1,346,6,(GMT+00:00) Etc/GMT,google,2022-12-19T22:28:06Z
8696941810,MIA Clothings,134161207,GBP,116,0,371,14,(GMT+00:00) Etc/GMT,google,2022-12-19T22:28:06Z
8696941810,MIA Clothings,17576779841,GBP,0,0,53,0,(GMT+00:00) Etc/GMT,google,2022-12-19T22:28:06Z
8696941810,MIA Clothings,1465251735,GBP,23,0,324,2,(GMT+00:00) Etc/GMT,google,2022-12-19T22:28:06Z
8696941810,MIA Clothings,1032413031,GBP,133,8,40,33,(GMT+00:00) Etc/GMT,google,2022-12-19T22:28:06Z
8696941810,MIA Clothings,948027979,GBP,20,0,50,2,(GMT+00:00) Etc/GMT,google,2022-12-19T22:28:06Z
8696941810,MIA Clothings,263109727,GBP,5,0,163,1,(GMT+00:00) Etc/GMT,google,2022-12-19T22:28:06Z
8696941810,MIA Clothings,16973482077,GBP,63,2,13,7,(GMT+00:00) Etc/GMT,google,2022-12-19T22:28:06Z
8696941810,MIA Clothings,16973482077,GBP,13,0,18,1,(GMT+00:00) Etc/GMT,google,2022-12-19T22:28:06Z
8696941810,MIA Clothings,16973482077,GBP,0,0,56,0,(GMT+00:00) Etc/GMT,google,2022-12-19T22:28:06Z
8696941810,MIA Clothings,16973482077,GBP,956,22,904,205,(GMT+00:00) Etc/GMT,google,2022-12-19T22:28:06Z
8696941810,MIA Clothings,16973482077,GBP,104,1,911,59,(GMT+00:00) Etc/GMT,google,2022-12-19T22:28:06Z
8696941810,MIA Clothings,14237577011,GBP,11,0,95,1,(GMT+00:00) Etc/GMT,google,2022-12-19T22:28:06Z
8696941810,MIA Clothings,14237577011,GBP,95,0,235,13,(GMT+00:00) Etc/GMT,google,2022-12-19T22:28:06Z
8696941810,MIA Clothings,12627108903,GBP,0,0,62,0,(GMT+00:00) Etc/GMT,google,2022-12-19T22:28:06Z
8696941810,MIA Clothings,12627108903,GBP,62,1,98,7,(GMT+00:00) Etc/GMT,google,2022-12-19T22:28:06Z
8696941810,MIA Clothings,12627108900,GBP,7,0,13,1,(GMT+00:00) Etc/GMT,google,2022-12-19T22:28:06Z
8696941810,MIA Clothings,12627108900,GBP,0,0,9,0,(GMT+00:00) Etc/GMT,google,2022-12-19T22:28:06Z
8696941810,MIA Clothings,12627108897,GBP,9,0,45,1,(GMT+00:00) Etc/GMT,google,2022-12-19T22:28:06Z
8696941810,MIA Clothings,12627108897,GBP,0,0,14,0,(GMT+00:00) Etc/GMT,google,2022-12-19T22:28:06Z
8696941810,MIA Clothings,12527197899,GBP,14,0,71,0,(GMT+00:00) Etc/GMT,google,2022-12-19T22:28:06Z
8696941810,MIA Clothings,12527197899,GBP,6,0,173,1,(GMT+00:00) Etc/GMT,google,2022-12-19T22:28:06Z
8696941810,MIA Clothings,12527197899,GBP,13,0,168,3,(GMT+00:00) Etc/GMT,google,2022-12-19T22:28:06Z
8696941810,MIA Clothings,12527197899,GBP,68,0,61,9,(GMT+00:00) Etc/GMT,google,2022-12-19T22:28:06Z
8696941810,MIA Clothings,10271823550,GBP,0,0,21,0,(GMT+00:00) Etc/GMT,google,2022-12-19T22:28:06Z
8696941810,MIA Clothings,10271823550,GBP,9,0,23,1,(GMT+00:00) Etc/GMT,google,2022-12-19T22:28:06Z
8696941810,MIA Clothings,10271823550,GBP,0,0,8,0,(GMT+00:00) Etc/GMT,google,2022-12-19T22:28:06Z
8696941810,MIA Clothings,10271792566,GBP,0,0,40,0,(GMT+00:00) Etc/GMT,google,2022-12-19T22:28:06Z
8696941810,MIA Clothings,10271792566,GBP,4,0,74,1,(GMT+00:00) Etc/GMT,google,2022-12-19T22:28:06Z
8696941810,MIA Clothings,10271792566,GBP,34,2,162,5,(GMT+00:00) Etc/GMT,google,2022-12-19T22:28:06Z
8696941810,MIA Clothings,10271792566,GBP,62,3,54,8,(GMT+00:00) Etc/GMT,google,2022-12-19T22:28:06Z
8696941810,MIA Clothings,10270794920,GBP,12,0,87,3,(GMT+00:00) Etc/GMT,google,2022-12-19T22:28:06Z
8696941810,MIA Clothings,10270794920,GBP,0,0,44,0,(GMT+00:00) Etc/GMT,google,2022-12-19T22:28:06Z
8696941810,MIA Clothings,10270794920,GBP,0,0,41,0,(GMT+00:00) Etc/GMT,google,2022-12-19T22:28:06Z
8696941810,MIA Clothings,10270557350,GBP,0,0,52,0,(GMT+00:00) Etc/GMT,google,2022-12-19T22:28:06Z
8696941810,MIA Clothings,10270557350,GBP,85,0,190,28,(GMT+00:00) Etc/GMT,google,2022-12-19T22:28:06Z
8696941810,MIA Clothings,10270557350,GBP,40,0,87,5,(GMT+00:00) Etc/GMT,google,2022-12-19T22:28:06Z
8696941810,MIA Clothings,10026082440,GBP,0,0,4,0,(GMT+00:00) Etc/GMT,google,2022-12-19T22:28:06Z
8696941810,MIA Clothings,10026082440,GBP,0,0,13,0,(GMT+00:00) Etc/GMT,google,2022-12-19T22:28:06Z
8696941810,MIA Clothings,10026082440,GBP,0,0,98,0,(GMT+00:00) Etc/GMT,google,2022-12-19T22:28:06Z
8696941810,MIA Clothings,10026082440,GBP,68,2,153,6,(GMT+00:00) Etc/GMT,google,2022-12-19T22:28:06Z
8696941810,MIA Clothings,9767715784,GBP,53,0,586,9,(GMT+00:00) Etc/GMT,google,2022-12-19T22:28:06Z
8696941810,MIA Clothings,9767715784,GBP,85,0,1124,115,(GMT+00:00) Etc/GMT,google,2022-12-19T22:28:06Z
8696941810,MIA Clothings,9767715784,GBP,0,0,3,0,(GMT+00:00) Etc/GMT,google,2022-12-19T22:28:06Z
8696941810,MIA Clothings,9767715781,GBP,3,0,55,1,(GMT+00:00) Etc/GMT,google,2022-12-19T22:28:06Z
8696941810,MIA Clothings,9767715781,GBP,55,2,144,3,(GMT+00:00) Etc/GMT,google,2022-12-19T22:28:06Z
8696941810,MIA Clothings,9767715781,GBP,144,5,69,12,(GMT+00:00) Etc/GMT,google,2022-12-19T22:28:06Z
8696941810,MIA Clothings,9731452489,GBP,69,0,177,10,(GMT+00:00) Etc/GMT,google,2022-12-19T22:28:06Z
8696941810,MIA Clothings,9731452489,GBP,177,0,39,12,(GMT+00:00) Etc/GMT,google,2022-12-19T22:28:06Z
8696941810,MIA Clothings,9731452489,GBP,0,0,160,0,(GMT+00:00) Etc/GMT,google,2022-12-19T22:28:06Z
8696941810,MIA Clothings,9731452489,GBP,17,0,600,3,(GMT+00:00) Etc/GMT,google,2022-12-19T22:28:06Z
8696941810,MIA Clothings,9715444785,GBP,60,0,527,14,(GMT+00:00) Etc/GMT,google,2022-12-19T22:28:06Z
8696941810,MIA Clothings,9715444785,GBP,52,1,67,20,(GMT+00:00) Etc/GMT,google,2022-12-19T22:28:06Z
8696941810,MIA Clothings,9715444785,GBP,0,0,5,0,(GMT+00:00) Etc/GMT,google,2022-12-19T22:28:06Z
8696941810,MIA Clothings,9715444785,GBP,5,0,5,1,(GMT+00:00) Etc/GMT,google,2022-12-19T22:28:06Z
8696941810,MIA Clothings,9715444785,GBP,0,0,80,0,(GMT+00:00) Etc/GMT,google,2022-12-19T22:28:06Z
8696941810,MIA Clothings,9715444785,GBP,80,0,1251,101,(GMT+00:00) Etc/GMT,google,2022-12-19T22:28:06Z
8696941810,MIA Clothings,8106692819,GBP,116,0,224,25,(GMT+00:00) Etc/GMT,google,2022-12-19T22:28:06Z
8696941810,MIA Clothings,8106692819,GBP,0,0,1,0,(GMT+00:00) Etc/GMT,google,2022-12-19T22:28:06Z
8696941810,MIA Clothings,8106692819,GBP,0,0,3,0,(GMT+00:00) Etc/GMT,google,2022-12-19T22:28:06Z
8696941810,MIA Clothings,8106692819,GBP,0,0,1,0,(GMT+00:00) Etc/GMT,google,2022-12-19T22:28:06Z
8696941810,MIA Clothings,8106692819,GBP,0,0,8,0,(GMT+00:00) Etc/GMT,google,2022-12-19T22:28:06Z
8696941810,MIA Clothings,8106692819,GBP,0,0,62,0,(GMT+00:00) Etc/GMT,google,2022-12-19T22:28:06Z
8696941810,MIA Clothings,8106692819,GBP,62,1,236,5,(GMT+00:00) Etc/GMT,google,2022-12-19T22:28:06Z
8696941810,MIA Clothings,8106692819,GBP,0,0,57,0,(GMT+00:00) Etc/GMT,google,2022-12-19T22:28:06Z
8696941810,MIA Clothings,8106692819,GBP,57,2,102,14,(GMT+00:00) Etc/GMT,google,2022-12-19T22:28:06Z
8696941810,MIA Clothings,8106692819,GBP,0,0,5,0,(GMT+00:00) Etc/GMT,google,2022-12-19T22:28:06Z
8696941810,MIA Clothings,8106664973,GBP,0,0,17,0,(GMT+00:00) Etc/GMT,google,2022-12-19T22:28:06Z
8696941810,MIA Clothings,8106664973,GBP,97,4,126,34,(GMT+00:00) Etc/GMT,google,2022-12-19T22:28:06Z
8696941810,MIA Clothings,8106664973,GBP,0,0,26,0,(GMT+00:00) Etc/GMT,google,2022-12-19T22:28:06Z
8696941810,MIA Clothings,8106664973,GBP,26,0,235,4,(GMT+00:00) Etc/GMT,google,2022-12-19T22:28:06Z
8696941810,MIA Clothings,8106664973,GBP,0,0,95,0,(GMT+00:00) Etc/GMT,google,2022-12-19T22:28:06Z
8696941810,MIA Clothings,8106664973,GBP,95,0,80,8,(GMT+00:00) Etc/GMT,google,2022-12-19T22:28:06Z
8696941810,MIA Clothings,8106664973,GBP,40,0,192,4,(GMT+00:00) Etc/GMT,google,2022-12-19T22:28:06Z
8696941810,MIA Clothings,8106664973,GBP,92,6,97,12,(GMT+00:00) Etc/GMT,google,2022-12-19T22:28:06Z
8696941810,MIA Clothings,8106664973,GBP,97,0,15,8,(GMT+00:00) Etc/GMT,google,2022-12-19T22:28:06Z
8696941810,MIA Clothings,8106664973,GBP,15,1,58,2,(GMT+00:00) Etc/GMT,google,2022-12-19T22:28:06Z
8696941810,MIA Clothings,8106649109,GBP,78,0,5,33,(GMT+00:00) Etc/GMT,google,2022-12-19T22:28:06Z
8696941810,MIA Clothings,8106649109,GBP,5,0,10,1,(GMT+00:00) Etc/GMT,google,2022-12-19T22:28:06Z
8696941810,MIA Clothings,8106649109,GBP,0,0,84,0,(GMT+00:00) Etc/GMT,google,2022-12-19T22:28:06Z
8696941810,MIA Clothings,8106649109,GBP,34,1,80,5,(GMT+00:00) Etc/GMT,google,2022-12-19T22:28:06Z
8696941810,MIA Clothings,8106649109,GBP,9,0,9,3,(GMT+00:00) Etc/GMT,google,2022-12-19T22:28:06Z
8696941810,MIA Clothings,8106649109,GBP,9,0,125,1,(GMT+00:00) Etc/GMT,google,2022-12-19T22:28:06Z
8696941810,MIA Clothings,8106340220,GBP,15,1,665,2,(GMT+00:00) Etc/GMT,google,2022-12-19T22:28:06Z
8696941810,MIA Clothings,8106340220,GBP,65,2,1373,32,(GMT+00:00) Etc/GMT,google,2022-12-19T22:28:06Z
8696941810,MIA Clothings,8106340220,GBP,173,1,78,53,(GMT+00:00) Etc/GMT,google,2022-12-19T22:28:06Z
8696941810,MIA Clothings,8106340220,GBP,78,2,12,7,(GMT+00:00) Etc/GMT,google,2022-12-19T22:28:06Z
8696941810,MIA Clothings,8106155243,GBP,12,0,31,1,(GMT+00:00) Etc/GMT,google,2022-12-19T22:28:06Z
8696941810,MIA Clothings,8106155243,GBP,3,0,44,1,(GMT+00:00) Etc/GMT,google,2022-12-19T22:28:06Z
8696941810,MIA Clothings,8106155243,GBP,44,0,26,4,(GMT+00:00) Etc/GMT,google,2022-12-19T22:28:06Z
8696941810,MIA Clothings,8106155243,GBP,0,0,61,0,(GMT+00:00) Etc/GMT,google,2022-12-19T22:28:06Z
8696941810,MIA Clothings,8106155243,GBP,61,0,74,6,(GMT+00:00) Etc/GMT,google,2022-12-19T22:28:06Z
8696941810,MIA Clothings,8106155243,GBP,74,0,124,7,(GMT+00:00) Etc/GMT,google,2022-12-19T22:28:06Z
8696941810,MIA Clothings,8106155243,GBP,124,0,124,10,(GMT+00:00) Etc/GMT,google,2022-12-19T22:28:06Z
8696941810,MIA Clothings,8106155243,GBP,4,0,72,1,(GMT+00:00) Etc/GMT,google,2022-12-19T22:28:06Z
8696941810,MIA Clothings,8106155243,GBP,21,0,15,2,(GMT+00:00) Etc/GMT,google,2022-12-19T22:28:06Z
8696941810,MIA Clothings,8106155243,GBP,7,1,17,1,(GMT+00:00) Etc/GMT,google,2022-12-19T22:28:06Z
8696941810,MIA Clothings,8100582124,GBP,17,0,27,2,(GMT+00:00) Etc/GMT,google,2022-12-19T22:28:06Z
8696941810,MIA Clothings,8100582124,GBP,27,0,56,4,(GMT+00:00) Etc/GMT,google,2022-12-19T22:28:06Z
8696941810,MIA Clothings,8100582124,GBP,9,0,55,1,(GMT+00:00) Etc/GMT,google,2022-12-19T22:28:06Z
8696941810,MIA Clothings,8100582124,GBP,23,0,15,3,(GMT+00:00) Etc/GMT,google,2022-12-19T22:28:06Z
8696941810,MIA Clothings,8100582124,GBP,0,0,108,0,(GMT+00:00) Etc/GMT,google,2022-12-19T22:28:06Z
8696941810,MIA Clothings,8100582124,GBP,48,1,154,7,(GMT+00:00) Etc/GMT,google,2022-12-19T22:28:06Z
8696941810,MIA Clothings,8100582124,GBP,54,2,342,10,(GMT+00:00) Etc/GMT,google,2022-12-19T22:28:06Z
8696941810,MIA Clothings,8100582124,GBP,82,0,244,19,(GMT+00:00) Etc/GMT,google,2022-12-19T22:28:06Z
8696941810,MIA Clothings,8100582124,GBP,44,3,341,11,(GMT+00:00) Etc/GMT,google,2022-12-19T22:28:06Z
8696941810,MIA Clothings,8100582124,GBP,34,0,204,4,(GMT+00:00) Etc/GMT,google,2022-12-19T22:28:06Z
8696941810,MIA Clothings,8100504949,GBP,82,0,743,24,(GMT+00:00) Etc/GMT,google,2022-12-19T22:28:06Z
8696941810,MIA Clothings,8100504949,GBP,9,0,280,2,(GMT+00:00) Etc/GMT,google,2022-12-19T22:28:06Z
8696941810,MIA Clothings,8100504949,GBP,99,0,199,27,(GMT+00:00) Etc/GMT,google,2022-12-19T22:28:06Z
8696941810,MIA Clothings,8100504949,GBP,99,0,41,16,(GMT+00:00) Etc/GMT,google,2022-12-19T22:28:06Z
8696941810,MIA Clothings,8100504949,GBP,0,0,6,0,(GMT+00:00) Etc/GMT,google,2022-12-19T22:28:06Z
8696941810,MIA Clothings,8100504949,GBP,0,0,4,0,(GMT+00:00) Etc/GMT,google,2022-12-19T22:28:06Z
8696941810,MIA Clothings,8099243757,GBP,0,0,12,0,(GMT+00:00) Etc/GMT,google,2022-12-19T22:28:06Z
8696941810,MIA Clothings,8099243757,GBP,8,1,29,1,(GMT+00:00) Etc/GMT,google,2022-12-19T22:28:06Z
8696941810,MIA Clothings,8099243757,GBP,0,0,59,0,(GMT+00:00) Etc/GMT,google,2022-12-19T22:28:06Z
8696941810,MIA Clothings,8099243757,GBP,9,0,52,1,(GMT+00:00) Etc/GMT,google,2022-12-19T22:28:06Z
8696941810,MIA Clothings,8099243757,GBP,32,0,36,6,(GMT+00:00) Etc/GMT,google,2022-12-19T22:28:06Z
8696941810,MIA Clothings,8099243757,GBP,0,0,314,0,(GMT+00:00) Etc/GMT,google,2022-12-19T22:28:06Z
8696941810,MIA Clothings,8098913967,GBP,24,0,168,4,(GMT+00:00) Etc/GMT,google,2022-12-19T22:28:06Z
8696941810,MIA Clothings,8098913967,GBP,108,0,76,12,(GMT+00:00) Etc/GMT,google,2022-12-19T22:28:06Z
8696941810,MIA Clothings,8098913967,GBP,7,0,36,2,(GMT+00:00) Etc/GMT,google,2022-12-19T22:28:06Z
8696941810,MIA Clothings,8098913967,GBP,0,0,33,0,(GMT+00:00) Etc/GMT,google,2022-12-19T22:28:06Z
8696941810,MIA Clothings,8098913967,GBP,12,0,60,2,(GMT+00:00) Etc/GMT,google,2022-12-19T22:28:06Z
8696941810,MIA Clothings,8098913967,GBP,20,0,111,3,(GMT+00:00) Etc/GMT,google,2022-12-19T22:28:06Z
8696941810,MIA Clothings,8098913967,GBP,311,1,1369,75,(GMT+00:00) Etc/GMT,google,2022-12-19T22:28:06Z
8696941810,MIA Clothings,8098913967,GBP,10,1,99,2,(GMT+00:00) Etc/GMT,google,2022-12-19T22:28:06Z
8696941810,MIA Clothings,8098913967,GBP,92,1,159,12,(GMT+00:00) Etc/GMT,google,2022-12-19T22:28:06Z
8696941810,MIA Clothings,8098913967,GBP,29,2,98,6,(GMT+00:00) Etc/GMT,google,2022-12-19T22:28:06Z
8696941810,MIA Clothings,6876725515,GBP,0,0,22,0,(GMT+00:00) Etc/GMT,google,2022-12-19T22:28:06Z
8696941810,MIA Clothings,6876725515,GBP,72,0,146,17,(GMT+00:00) Etc/GMT,google,2022-12-19T22:28:06Z
8696941810,MIA Clothings,6876725515,GBP,0,0,66,0,(GMT+00:00) Etc/GMT,google,2022-12-19T22:28:06Z
8696941810,MIA Clothings,6876725515,GBP,6,0,91,2,(GMT+00:00) Etc/GMT,google,2022-12-19T22:28:06Z
8696941810,MIA Clothings,6483258897,GBP,91,0,295,25,(GMT+00:00) Etc/GMT,google,2022-12-19T22:28:06Z
8696941810,MIA Clothings,6483258897,GBP,95,0,127,12,(GMT+00:00) Etc/GMT,google,2022-12-19T22:28:06Z
8696941810,MIA Clothings,6483258897,GBP,0,0,4,0,(GMT+00:00) Etc/GMT,google,2022-12-19T22:28:06Z
8696941810,MIA Clothings,6483258897,GBP,0,0,17,0,(GMT+00:00) Etc/GMT,google,2022-12-19T22:28:06Z
8696941810,MIA Clothings,6483258897,GBP,0,0,3,0,(GMT+00:00) Etc/GMT,google,2022-12-19T22:28:06Z
8696941810,MIA Clothings,6483258897,GBP,0,0,1,0,(GMT+00:00) Etc/GMT,google,2022-12-19T22:28:06Z
8696941810,MIA Clothings,6483258894,GBP,0,0,79,0,(GMT+00:00) Etc/GMT,google,2022-12-19T22:28:06Z
8696941810,MIA Clothings,6483258894,GBP,9,1,37,2,(GMT+00:00) Etc/GMT,google,2022-12-19T22:28:06Z
8696941810,MIA Clothings,6483258894,GBP,2,0,97,1,(GMT+00:00) Etc/GMT,google,2022-12-19T22:28:06Z
8696941810,MIA Clothings,6483258891,GBP,9,0,333,3,(GMT+00:00) Etc/GMT,google,2022-12-19T22:28:06Z
8696941810,MIA Clothings,6483258891,GBP,63,0,461,11,(GMT+00:00) Etc/GMT,google,2022-12-19T22:28:06Z
8696941810,MIA Clothings,6483258891,GBP,5,0,203,1,(GMT+00:00) Etc/GMT,google,2022-12-19T22:28:06Z
8696941810,MIA Clothings,6483258891,GBP,103,0,219,24,(GMT+00:00) Etc/GMT,google,2022-12-19T22:28:06Z
8696941810,MIA Clothings,6483258888,GBP,13,0,2,1,(GMT+00:00) Etc/GMT,google,2022-12-19T22:28:06Z
8696941810,MIA Clothings,6483258888,GBP,0,0,3,0,(GMT+00:00) Etc/GMT,google,2022-12-19T22:28:06Z
8696941810,MIA Clothings,6483258888,GBP,0,0,9,0,(GMT+00:00) Etc/GMT,google,2022-12-19T22:28:06Z
8696941810,MIA Clothings,6483258888,GBP,9,0,91,1,(GMT+00:00) Etc/GMT,google,2022-12-19T22:28:06Z
8696941810,MIA Clothings,6483258888,GBP,91,0,367,4,(GMT+00:00) Etc/GMT,google,2022-12-19T22:28:06Z
8696941810,MIA Clothings,6483258888,GBP,97,1,136,21,(GMT+00:00) Etc/GMT,google,2022-12-19T22:28:06Z
8696941810,MIA Clothings,1641987534,GBP,0,0,72,0,(GMT+00:00) Etc/GMT,google,2022-12-19T22:28:06Z
8696941810,MIA Clothings,1641987534,GBP,72,0,150,7,(GMT+00:00) Etc/GMT,google,2022-12-19T22:28:06Z
8696941810,MIA Clothings,1641987534,GBP,86,0,16,9,(GMT+00:00) Etc/GMT,google,2022-12-19T22:28:06Z
8696941810,MIA Clothings,1641987534,GBP,16,0,241,2,(GMT+00:00) Etc/GMT,google,2022-12-19T22:28:06Z
8696941810,MIA Clothings,1465251726,GBP,66,0,32,13,(GMT+00:00) Etc/GMT,google,2022-12-19T22:28:06Z
8696941810,MIA Clothings,1465251726,GBP,32,0,151,4,(GMT+00:00) Etc/GMT,google,2022-12-19T22:28:06Z
8696941810,MIA Clothings,1465251726,GBP,51,0,89,7,(GMT+00:00) Etc/GMT,google,2022-12-19T22:28:06Z
8696941810,MIA Clothings,1465251726,GBP,0,0,11,0,(GMT+00:00) Etc/GMT,google,2022-12-19T22:28:06Z
8696941810,MIA Clothings,1465251726,GBP,0,0,27,0,(GMT+00:00) Etc/GMT,google,2022-12-19T22:28:06Z
8696941810,MIA Clothings,1465251726,GBP,27,1,69,4,(GMT+00:00) Etc/GMT,google,2022-12-19T22:28:06Z
8696941810,MIA Clothings,1032413031,GBP,39,0,374,3,(GMT+00:00) Etc/GMT,google,2022-12-19T22:28:06Z
8696941810,MIA Clothings,1032413031,GBP,74,0,598,17,(GMT+00:00) Etc/GMT,google,2022-12-19T22:28:06Z
8696941810,MIA Clothings,1032413031,GBP,598,0,2462,217,(GMT+00:00) Etc/GMT,google,2022-12-19T22:28:06Z
8696941810,MIA Clothings,1032413031,GBP,0,0,54,0,(GMT+00:00) Etc/GMT,google,2022-12-19T22:28:06Z
8696941810,MIA Clothings,1023850029,GBP,6,0,146,2,(GMT+00:00) Etc/GMT,google,2022-12-19T22:28:06Z
8696941810,MIA Clothings,1023850029,GBP,46,0,294,10,(GMT+00:00) Etc/GMT,google,2022-12-19T22:28:06Z
8696941810,MIA Clothings,1023850029,GBP,94,0,444,24,(GMT+00:00) Etc/GMT,google,2022-12-19T22:28:06Z
8696941810,MIA Clothings,1023850029,GBP,0,0,48,0,(GMT+00:00) Etc/GMT,google,2022-12-19T22:28:06Z
8696941810,MIA Clothings,968066330,GBP,48,0,12,6,(GMT+00:00) Etc/GMT,google,2022-12-19T22:28:06Z
8696941810,MIA Clothings,968066330,GBP,12,0,148,1,(GMT+00:00) Etc/GMT,google,2022-12-19T22:28:06Z
8696941810,MIA Clothings,968066330,GBP,58,0,14,9,(GMT+00:00) Etc/GMT,google,2022-12-19T22:28:06Z
8696941810,MIA Clothings,968066330,GBP,14,0,27,1,(GMT+00:00) Etc/GMT,google,2022-12-19T22:28:06Z
8696941810,MIA Clothings,968066330,GBP,7,0,5,1,(GMT+00:00) Etc/GMT,google,2022-12-19T22:28:06Z
8696941810,MIA Clothings,968066330,GBP,0,0,36,0,(GMT+00:00) Etc/GMT,google,2022-12-19T22:28:06Z
8696941810,MIA Clothings,968066324,GBP,9,0,62,2,(GMT+00:00) Etc/GMT,google,2022-12-19T22:28:06Z
8696941810,MIA Clothings,968066324,GBP,117,2,833,86,(GMT+00:00) Etc/GMT,google,2022-12-19T22:28:06Z
8696941810,MIA Clothings,968066324,GBP,833,1,46,54,(GMT+00:00) Etc/GMT,google,2022-12-19T22:28:06Z
8696941810,MIA Clothings,968066324,GBP,0,0,16,0,(GMT+00:00) Etc/GMT,google,2022-12-19T22:28:06Z
8696941810,MIA Clothings,968066324,GBP,16,0,28,1,(GMT+00:00) Etc/GMT,google,2022-12-19T22:28:06Z
8696941810,MIA Clothings,968066324,GBP,0,0,99,0,(GMT+00:00) Etc/GMT,google,2022-12-19T22:28:06Z
8696941810,MIA Clothings,968066321,GBP,49,0,421,12,(GMT+00:00) Etc/GMT,google,2022-12-19T22:28:06Z
8696941810,MIA Clothings,968066321,GBP,0,0,2,0,(GMT+00:00) Etc/GMT,google,2022-12-19T22:28:06Z
8696941810,MIA Clothings,968066321,GBP,0,0,3,0,(GMT+00:00) Etc/GMT,google,2022-12-19T22:28:06Z
8696941810,MIA Clothings,968066321,GBP,0,0,54,0,(GMT+00:00) Etc/GMT,google,2022-12-19T22:28:06Z
8696941810,MIA Clothings,968066321,GBP,14,0,32,4,(GMT+00:00) Etc/GMT,google,2022-12-19T22:28:06Z
8696941810,MIA Clothings,968066321,GBP,32,0,282,5,(GMT+00:00) Etc/GMT,google,2022-12-19T22:28:06Z
8696941810,MIA Clothings,948027979,GBP,0,0,19,0,(GMT+00:00) Etc/GMT,google,2022-12-19T22:28:06Z
8696941810,MIA Clothings,948027979,GBP,19,1,236,2,(GMT+00:00) Etc/GMT,google,2022-12-19T22:28:06Z
8696941810,MIA Clothings,948027979,GBP,0,0,3,0,(GMT+00:00) Etc/GMT,google,2022-12-19T22:28:06Z
8696941810,MIA Clothings,948027979,GBP,0,0,150,0,(GMT+00:00) Etc/GMT,google,2022-12-19T22:28:06Z
8696941810,MIA Clothings,624708693,GBP,50,3,286,8,(GMT+00:00) Etc/GMT,google,2022-12-19T22:28:06Z
8696941810,MIA Clothings,624708693,GBP,86,0,138,23,(GMT+00:00) Etc/GMT,google,2022-12-19T22:28:06Z
8696941810,MIA Clothings,624708693,GBP,78,0,216,14,(GMT+00:00) Etc/GMT,google,2022-12-19T22:28:06Z
8696941810,MIA Clothings,624708693,GBP,6,0,34,1,(GMT+00:00) Etc/GMT,google,2022-12-19T22:28:06Z
8696941810,MIA Clothings,624708693,GBP,34,0,107,4,(GMT+00:00) Etc/GMT,google,2022-12-19T22:28:06Z
8696941810,MIA Clothings,396443287,GBP,17,0,180,3,(GMT+00:00) Etc/GMT,google,2022-12-19T22:28:06Z
8696941810,MIA Clothings,396443287,GBP,180,0,137,19,(GMT+00:00) Etc/GMT,google,2022-12-19T22:28:06Z
8696941810,MIA Clothings,396443287,GBP,9,0,118,1,(GMT+00:00) Etc/GMT,google,2022-12-19T22:28:06Z
8696941810,MIA Clothings,396443287,GBP,118,0,72,6,(GMT+00:00) Etc/GMT,google,2022-12-19T22:28:06Z
8696941810,MIA Clothings,396443287,GBP,7,0,143,2,(GMT+00:00) Etc/GMT,google,2022-12-19T22:28:06Z
8696941810,MIA Clothings,396443287,GBP,53,0,51,14,(GMT+00:00) Etc/GMT,google,2022-12-19T22:28:06Z
8696941810,MIA Clothings,396443287,GBP,23,1,47,3,(GMT+00:00) Etc/GMT,google,2022-12-19T22:28:06Z
8696941810,MIA Clothings,396443287,GBP,5,0,22,1,(GMT+00:00) Etc/GMT,google,2022-12-19T22:28:06Z
8696941810,MIA Clothings,396443287,GBP,0,0,54,0,(GMT+00:00) Etc/GMT,google,2022-12-19T22:28:06Z
8696941810,MIA Clothings,396443287,GBP,114,0,230,24,(GMT+00:00) Etc/GMT,google,2022-12-19T22:28:06Z
8696941810,MIA Clothings,396425647,GBP,76,0,111,9,(GMT+00:00) Etc/GMT,google,2022-12-19T22:28:06Z
8696941810,MIA Clothings,396425647,GBP,61,0,124,11,(GMT+00:00) Etc/GMT,google,2022-12-19T22:28:06Z
8696941810,MIA Clothings,396425647,GBP,0,0,33,0,(GMT+00:00) Etc/GMT,google,2022-12-19T22:28:06Z
8696941810,MIA Clothings,396425647,GBP,74,0,304,16,(GMT+00:00) Etc/GMT,google,2022-12-19T22:28:06Z
8696941810,MIA Clothings,396425647,GBP,0,0,10,0,(GMT+00:00) Etc/GMT,google,2022-12-19T22:28:06Z
8696941810,MIA Clothings,378639127,GBP,10,0,35,3,(GMT+00:00) Etc/GMT,google,2022-12-19T22:28:06Z
8696941810,MIA Clothings,378639127,GBP,35,0,97,6,(GMT+00:00) Etc/GMT,google,2022-12-19T22:28:06Z
8696941810,MIA Clothings,378639127,GBP,97,2,56,9,(GMT+00:00) Etc/GMT,google,2022-12-19T22:28:06Z
8696941810,MIA Clothings,378639127,GBP,56,0,65,5,(GMT+00:00) Etc/GMT,google,2022-12-19T22:28:06Z
8696941810,MIA Clothings,378639127,GBP,0,0,37,0,(GMT+00:00) Etc/GMT,google,2022-12-19T22:28:06Z
8696941810,MIA Clothings,378639007,GBP,97,5,165,11,(GMT+00:00) Etc/GMT,google,2022-12-19T22:28:06Z
8696941810,MIA Clothings,378639007,GBP,65,0,123,31,(GMT+00:00) Etc/GMT,google,2022-12-19T22:28:06Z
8696941810,MIA Clothings,378639007,GBP,0,0,48,0,(GMT+00:00) Etc/GMT,google,2022-12-19T22:28:06Z
8696941810,MIA Clothings,367244407,GBP,41,0,69,5,(GMT+00:00) Etc/GMT,google,2022-12-19T22:28:06Z
8696941810,MIA Clothings,367244407,GBP,19,0,67,4,(GMT+00:00) Etc/GMT,google,2022-12-19T22:28:06Z
8696941810,MIA Clothings,367244407,GBP,7,0,65,2,(GMT+00:00) Etc/GMT,google,2022-12-19T22:28:06Z
8696941810,MIA Clothings,367244407,GBP,15,1,658,4,(GMT+00:00) Etc/GMT,google,2022-12-19T22:28:06Z
8696941810,MIA Clothings,367244407,GBP,208,28,333,41,(GMT+00:00) Etc/GMT,google,2022-12-19T22:28:06Z
8696941810,MIA Clothings,339193807,GBP,8,0,21,1,(GMT+00:00) Etc/GMT,google,2022-12-19T22:28:06Z
8696941810,MIA Clothings,339193807,GBP,0,0,57,0,(GMT+00:00) Etc/GMT,google,2022-12-19T22:28:06Z
8696941810,MIA Clothings,339193807,GBP,57,0,67,5,(GMT+00:00) Etc/GMT,google,2022-12-19T22:28:06Z
8696941810,MIA Clothings,324840727,GBP,26,0,15,3,(GMT+00:00) Etc/GMT,google,2022-12-19T22:28:06Z
8696941810,MIA Clothings,324840727,GBP,0,0,5,0,(GMT+00:00) Etc/GMT,google,2022-12-19T22:28:06Z
8696941810,MIA Clothings,324840727,GBP,0,0,55,0,(GMT+00:00) Etc/GMT,google,2022-12-19T22:28:06Z
8696941810,MIA Clothings,324840727,GBP,6,0,12,1,(GMT+00:00) Etc/GMT,google,2022-12-19T22:28:06Z
8696941810,MIA Clothings,324840727,GBP,0,0,50,0,(GMT+00:00) Etc/GMT,google,2022-12-19T22:28:06Z
8696941810,MIA Clothings,315840727,GBP,150,6,103,38,(GMT+00:00) Etc/GMT,google,2022-12-19T22:28:06Z
8696941810,MIA Clothings,315840727,GBP,23,0,17,4,(GMT+00:00) Etc/GMT,google,2022-12-19T22:28:06Z
8696941810,MIA Clothings,315840727,GBP,7,0,70,1,(GMT+00:00) Etc/GMT,google,2022-12-19T22:28:06Z
8696941810,MIA Clothings,315840727,GBP,11,0,55,3,(GMT+00:00) Etc/GMT,google,2022-12-19T22:28:06Z
8696941810,MIA Clothings,308228767,GBP,555,33,1984,125,(GMT+00:00) Etc/GMT,google,2022-12-19T22:28:06Z
8696941810,MIA Clothings,308228767,GBP,114,0,1056,10,(GMT+00:00) Etc/GMT,google,2022-12-19T22:28:06Z
8696941810,MIA Clothings,308228767,GBP,0,0,4,0,(GMT+00:00) Etc/GMT,google,2022-12-19T22:28:06Z
8696941810,MIA Clothings,308228767,GBP,0,0,63,0,(GMT+00:00) Etc/GMT,google,2022-12-19T22:28:06Z
8696941810,MIA Clothings,308228767,GBP,103,0,181,29,(GMT+00:00) Etc/GMT,google,2022-12-19T22:28:06Z
8696941810,MIA Clothings,283344247,GBP,101,1,113,14,(GMT+00:00) Etc/GMT,google,2022-12-19T22:28:06Z
8696941810,MIA Clothings,283344247,GBP,33,0,60,8,(GMT+00:00) Etc/GMT,google,2022-12-19T22:28:06Z
8696941810,MIA Clothings,283344247,GBP,9,0,19,2,(GMT+00:00) Etc/GMT,google,2022-12-19T22:28:06Z
8696941810,MIA Clothings,283344247,GBP,9,0,45,1,(GMT+00:00) Etc/GMT,google,2022-12-19T22:28:06Z
8696941810,MIA Clothings,283344247,GBP,0,0,8,0,(GMT+00:00) Etc/GMT,google,2022-12-19T22:28:06Z
8696941810,MIA Clothings,280425007,GBP,0,0,20,0,(GMT+00:00) Etc/GMT,google,2022-12-19T22:28:06Z
8696941810,MIA Clothings,280425007,GBP,0,0,72,0,(GMT+00:00) Etc/GMT,google,2022-12-19T22:28:06Z
8696941810,MIA Clothings,280425007,GBP,15,1,233,4,(GMT+00:00) Etc/GMT,google,2022-12-19T22:28:06Z
8696941810,MIA Clothings,263109727,GBP,93,9,984,24,(GMT+00:00) Etc/GMT,google,2022-12-19T22:28:06Z
8696941810,MIA Clothings,263109727,GBP,34,2,1147,4,(GMT+00:00) Etc/GMT,google,2022-12-19T22:28:06Z
8696941810,MIA Clothings,263109727,GBP,117,0,396,32,(GMT+00:00) Etc/GMT,google,2022-12-19T22:28:06Z
8696941810,MIA Clothings,263109727,GBP,36,0,94,6,(GMT+00:00) Etc/GMT,google,2022-12-19T22:28:06Z
8696941810,MIA Clothings,249958567,GBP,19,0,48,4,(GMT+00:00) Etc/GMT,google,2022-12-19T22:28:06Z
8696941810,MIA Clothings,249958567,GBP,18,0,99,4,(GMT+00:00) Etc/GMT,google,2022-12-19T22:28:06Z
8696941810,MIA Clothings,249958567,GBP,19,0,27,4,(GMT+00:00) Etc/GMT,google,2022-12-19T22:28:06Z
8696941810,MIA Clothings,249958567,GBP,17,0,316,4,(GMT+00:00) Etc/GMT,google,2022-12-19T22:28:06Z
8696941810,MIA Clothings,249958567,GBP,23,0,231,8,(GMT+00:00) Etc/GMT,google,2022-12-19T22:28:06Z
8696941810,MIA Clothings,249958567,GBP,57,0,177,16,(GMT+00:00) Etc/GMT,google,2022-12-19T22:28:06Z
8696941810,MIA Clothings,249958567,GBP,170,0,325,20,(GMT+00:00) Etc/GMT,google,2022-12-19T22:28:06Z
8696941810,MIA Clothings,246223687,GBP,0,0,3,0,(GMT+00:00) Etc/GMT,google,2022-12-19T22:28:06Z
8696941810,MIA Clothings,246223687,GBP,0,0,53,0,(GMT+00:00) Etc/GMT,google,2022-12-19T22:28:06Z
8696941810,MIA Clothings,246223687,GBP,23,0,122,4,(GMT+00:00) Etc/GMT,google,2022-12-19T22:28:06Z
8696941810,MIA Clothings,246223687,GBP,0,0,84,0,(GMT+00:00) Etc/GMT,google,2022-12-19T22:28:06Z
8696941810,MIA Clothings,246223687,GBP,14,0,34,2,(GMT+00:00) Etc/GMT,google,2022-12-19T22:28:06Z
8696941810,MIA Clothings,206752447,GBP,0,0,50,0,(GMT+00:00) Etc/GMT,google,2022-12-19T22:28:06Z
8696941810,MIA Clothings,206752447,GBP,5,0,26,1,(GMT+00:00) Etc/GMT,google,2022-12-19T22:28:06Z
8696941810,MIA Clothings,165573007,GBP,26,0,718,2,(GMT+00:00) Etc/GMT,google,2022-12-19T22:28:06Z
8696941810,MIA Clothings,165573007,GBP,118,0,79,33,(GMT+00:00) Etc/GMT,google,2022-12-19T22:28:06Z
8696941810,MIA Clothings,165573007,GBP,79,0,115,6,(GMT+00:00) Etc/GMT,google,2022-12-19T22:28:06Z
8696941810,MIA Clothings,165573007,GBP,15,0,44,3,(GMT+00:00) Etc/GMT,google,2022-12-19T22:28:06Z
8696941810,MIA Clothings,165573007,GBP,4,0,2,1,(GMT+00:00) Etc/GMT,google,2022-12-19T22:28:06Z
8696941810,MIA Clothings,154091167,GBP,0,0,3,0,(GMT+00:00) Etc/GMT,google,2022-12-19T22:28:06Z
8696941810,MIA Clothings,154091167,GBP,0,0,18,0,(GMT+00:00) Etc/GMT,google,2022-12-19T22:28:06Z
8696941810,MIA Clothings,154091167,GBP,0,0,36,0,(GMT+00:00) Etc/GMT,google,2022-12-19T22:28:06Z
8696941810,MIA Clothings,154091167,GBP,36,0,24,6,(GMT+00:00) Etc/GMT,google,2022-12-19T22:28:06Z
8696941810,MIA Clothings,154091167,GBP,0,0,8,0,(GMT+00:00) Etc/GMT,google,2022-12-19T22:28:06Z
8696941810,MIA Clothings,154091047,GBP,0,1,111,0,(GMT+00:00) Etc/GMT,google,2022-12-19T22:28:06Z
8696941810,MIA Clothings,154091047,GBP,71,1,83,8,(GMT+00:00) Etc/GMT,google,2022-12-19T22:28:06Z
8696941810,MIA Clothings,154091047,GBP,0,0,973,0,(GMT+00:00) Etc/GMT,google,2022-12-19T22:28:06Z
8696941810,MIA Clothings,154091047,GBP,23,2,160,8,(GMT+00:00) Etc/GMT,google,2022-12-19T22:28:06Z
8696941810,MIA Clothings,154091047,GBP,480,0,825,153,(GMT+00:00) Etc/GMT,google,2022-12-19T22:28:06Z
8696941810,MIA Clothings,154090927,GBP,125,0,843,32,(GMT+00:00) Etc/GMT,google,2022-12-19T22:28:06Z
8696941810,MIA Clothings,154090927,GBP,103,0,358,28,(GMT+00:00) Etc/GMT,google,2022-12-19T22:28:06Z
8696941810,MIA Clothings,154090927,GBP,99,0,26,10,(GMT+00:00) Etc/GMT,google,2022-12-19T22:28:06Z
8696941810,MIA Clothings,154090927,GBP,6,0,39,1,(GMT+00:00) Etc/GMT,google,2022-12-19T22:28:06Z
8696941810,MIA Clothings,138346447,GBP,23,0,32,3,(GMT+00:00) Etc/GMT,google,2022-12-19T22:28:06Z
8696941810,MIA Clothings,138346447,GBP,0,0,33,0,(GMT+00:00) Etc/GMT,google,2022-12-19T22:28:06Z
8696941810,MIA Clothings,138346447,GBP,33,0,145,4,(GMT+00:00) Etc/GMT,google,2022-12-19T22:28:06Z
8696941810,MIA Clothings,136103167,GBP,145,1,49,8,(GMT+00:00) Etc/GMT,google,2022-12-19T22:28:06Z
8696941810,MIA Clothings,136103167,GBP,23,0,156,2,(GMT+00:00) Etc/GMT,google,2022-12-19T22:28:06Z
8696941810,MIA Clothings,136103167,GBP,23,0,471,7,(GMT+00:00) Etc/GMT,google,2022-12-19T22:28:06Z
8696941810,MIA Clothings,136103167,GBP,4,0,11,1,(GMT+00:00) Etc/GMT,google,2022-12-19T22:28:06Z
8696941810,MIA Clothings,136103167,GBP,0,0,14,0,(GMT+00:00) Etc/GMT,google,2022-12-19T22:28:06Z
8696941810,MIA Clothings,134161207,GBP,0,0,19,0,(GMT+00:00) Etc/GMT,google,2022-12-19T22:28:06Z
8696941810,MIA Clothings,134161207,GBP,19,0,312,2,(GMT+00:00) Etc/GMT,google,2022-12-19T22:28:06Z
8696941810,MIA Clothings,134161207,GBP,12,0,12,1,(GMT+00:00) Etc/GMT,google,2022-12-19T22:28:06Z
8696941810,MIA Clothings,134161207,GBP,0,0,1,0,(GMT+00:00) Etc/GMT,google,2022-12-19T22:28:06Z
8696941810,MIA Clothings,134160847,GBP,0,0,54,0,(GMT+00:00) Etc/GMT,google,2022-12-19T22:28:06Z
8696941810,MIA Clothings,134160847,GBP,24,0,124,3,(GMT+00:00) Etc/GMT,google,2022-12-19T22:28:06Z
8696941810,MIA Clothings,134160847,GBP,24,0,91,2,(GMT+00:00) Etc/GMT,google,2022-12-19T22:28:06Z
8696941810,MIA Clothings,134160847,GBP,91,1,622,10,(GMT+00:00) Etc/GMT,google,2022-12-19T22:28:06Z
8696941810,MIA Clothings,134160847,GBP,0,0,15,0,(GMT+00:00) Etc/GMT,google,2022-12-19T22:28:06Z
8696941810,MIA Clothings,117966727,GBP,105,2,150,37,(GMT+00:00) Etc/GMT,google,2022-12-19T22:28:06Z
8696941810,MIA Clothings,117966727,GBP,0,0,18,0,(GMT+00:00) Etc/GMT,google,2022-12-19T22:28:06Z
8696941810,MIA Clothings,117966727,GBP,418,0,731,123,(GMT+00:00) Etc/GMT,google,2022-12-19T22:28:06Z
8696941810,MIA Clothings,112063327,GBP,131,0,462,47,(GMT+00:00) Etc/GMT,google,2022-12-19T22:28:06Z
8696941810,MIA Clothings,112063327,GBP,0,0,12,0,(GMT+00:00) Etc/GMT,google,2022-12-19T22:28:06Z
8696941810,MIA Clothings,112063327,GBP,12,0,8,1,(GMT+00:00) Etc/GMT,google,2022-12-19T22:28:06Z
8696941810,MIA Clothings,112063327,GBP,8,0,104,2,(GMT+00:00) Etc/GMT,google,2022-12-19T22:28:06Z
8696941810,MIA Clothings,112063327,GBP,104,0,54,12,(GMT+00:00) Etc/GMT,google,2022-12-19T22:28:06Z
8696941810,MIA Clothings,99917887,GBP,34,0,303,4,(GMT+00:00) Etc/GMT,google,2022-12-19T22:28:06Z
8696941810,MIA Clothings,99917887,GBP,33,0,203,12,(GMT+00:00) Etc/GMT,google,2022-12-19T22:28:06Z
8696941810,MIA Clothings,99917887,GBP,23,1,263,4,(GMT+00:00) Etc/GMT,google,2022-12-19T22:28:06Z
8696941810,MIA Clothings,99917887,GBP,5,0,85,1,(GMT+00:00) Etc/GMT,google,2022-12-19T22:28:06Z
8696941810,MIA Clothings,99917887,GBP,85,2,92,7,(GMT+00:00) Etc/GMT,google,2022-12-19T22:28:06Z
8696941810,MIA Clothings,92703727,GBP,112,1,51,22,(GMT+00:00) Etc/GMT,google,2022-12-19T22:28:06Z
8696941810,MIA Clothings,92703727,GBP,51,1,116,6,(GMT+00:00) Etc/GMT,google,2022-12-19T22:28:06Z
8696941810,MIA Clothings,92703727,GBP,116,2,75,7,(GMT+00:00) Etc/GMT,google,2022-12-19T22:28:06Z
8696941810,MIA Clothings,92565847,GBP,7,0,12,1,(GMT+00:00) Etc/GMT,google,2022-12-19T22:28:06Z
8696941810,MIA Clothings,92565847,GBP,0,0,44,0,(GMT+00:00) Etc/GMT,google,2022-12-19T22:28:06Z
8696941810,MIA Clothings,92565847,GBP,214,0,345,38,(GMT+00:00) Etc/GMT,google,2022-12-19T22:28:06Z
8696941810,MIA Clothings,92559007,GBP,0,0,18,0,(GMT+00:00) Etc/GMT,google,2022-12-19T22:28:06Z
8696941810,MIA Clothings,92559007,GBP,18,0,108,2,(GMT+00:00) Etc/GMT,google,2022-12-19T22:28:06Z
8696941810,MIA Clothings,92559007,GBP,78,0,20,7,(GMT+00:00) Etc/GMT,google,2022-12-19T22:28:06Z
8696941810,MIA Clothings,92559007,GBP,20,0,136,2,(GMT+00:00) Etc/GMT,google,2022-12-19T22:28:06Z
8696941810,MIA Clothings,92559007,GBP,76,0,64,8,(GMT+00:00) Etc/GMT,google,2022-12-19T22:28:06Z
8696941810,MIA Clothings,92559007,GBP,2,0,9,1,(GMT+00:00) Etc/GMT,google,2022-12-19T22:28:06Z
8696941810,MIA Clothings,92548447,GBP,0,0,3,0,(GMT+00:00) Etc/GMT,google,2022-12-19T22:28:06Z
8696941810,MIA Clothings,92548447,GBP,76,0,290,22,(GMT+00:00) Etc/GMT,google,2022-12-19T22:28:06Z
8696941810,MIA Clothings,92548447,GBP,90,0,56,10,(GMT+00:00) Etc/GMT,google,2022-12-19T22:28:06Z
8696941810,MIA Clothings,92548447,GBP,56,1,39,7,(GMT+00:00) Etc/GMT,google,2022-12-19T22:28:06Z
8696941810,MIA Clothings,92548447,GBP,9,0,27,1,(GMT+00:00) Etc/GMT,google,2022-12-19T22:28:06Z
8696941810,MIA Clothings,92548447,GBP,27,1,74,4,(GMT+00:00) Etc/GMT,google,2022-12-19T22:28:06Z
8696941810,MIA Clothings,92548447,GBP,0,0,67,0,(GMT+00:00) Etc/GMT,google,2022-12-19T22:28:06Z
8696941810,MIA Clothings,92548447,GBP,67,1,6,7,(GMT+00:00) Etc/GMT,google,2022-12-19T22:28:06Z
8696941810,MIA Clothings,92548447,GBP,0,0,3,0,(GMT+00:00) Etc/GMT,google,2022-12-19T22:28:06Z
8696941810,MIA Clothings,92548447,GBP,0,0,333,0,(GMT+00:00) Etc/GMT,google,2022-12-19T22:28:06Z
8696941810,MIA Clothings,92541727,GBP,133,1,572,26,(GMT+00:00) Etc/GMT,google,2022-12-19T22:28:06Z
8696941810,MIA Clothings,92541727,GBP,102,0,215,30,(GMT+00:00) Etc/GMT,google,2022-12-19T22:28:06Z
8696941810,MIA Clothings,92541727,GBP,88,0,41,27,(GMT+00:00) Etc/GMT,google,2022-12-19T22:28:06Z
8696941810,MIA Clothings,92541727,GBP,0,0,28,0,(GMT+00:00) Etc/GMT,google,2022-12-19T22:28:06Z
8696941810,MIA Clothings,92541727,GBP,8,0,10,1,(GMT+00:00) Etc/GMT,google,2022-12-19T22:28:06Z
8696941810,MIA Clothings,92541727,GBP,0,0,42,0,(GMT+00:00) Etc/GMT,google,2022-12-19T22:28:06Z
8696941810,MIA Clothings,92541727,GBP,23,0,29,3,(GMT+00:00) Etc/GMT,google,2022-12-19T22:28:06Z
8696941810,MIA Clothings,92541727,GBP,0,0,29,0,(GMT+00:00) Etc/GMT,google,2022-12-19T22:28:06Z
8696941810,MIA Clothings,92541727,GBP,129,0,4,26,(GMT+00:00) Etc/GMT,google,2022-12-19T22:28:06Z
8696941810,MIA Clothings,92541727,GBP,4,0,7,1,(GMT+00:00) Etc/GMT,google,2022-12-19T22:28:06Z
8696941810,MIA Clothings,90379207,GBP,7,0,72,1,(GMT+00:00) Etc/GMT,google,2022-12-19T22:28:06Z
8696941810,MIA Clothings,90379207,GBP,72,0,21,8,(GMT+00:00) Etc/GMT,google,2022-12-19T22:28:06Z
8696941810,MIA Clothings,90379207,GBP,8,0,5,1,(GMT+00:00) Etc/GMT,google,2022-12-19T22:28:06Z
8696941810,MIA Clothings,90379207,GBP,0,0,20,0,(GMT+00:00) Etc/GMT,google,2022-12-19T22:28:06Z
8696941810,MIA Clothings,90379207,GBP,10,0,9,1,(GMT+00:00) Etc/GMT,google,2022-12-19T22:28:06Z
8696941810,MIA Clothings,90379207,GBP,0,0,40,0,(GMT+00:00) Etc/GMT,google,2022-12-19T22:28:06Z
8696941810,MIA Clothings,90379207,GBP,40,0,59,5,(GMT+00:00) Etc/GMT,google,2022-12-19T22:28:06Z
8696941810,MIA Clothings,90379207,GBP,23,0,94,3,(GMT+00:00) Etc/GMT,google,2022-12-19T22:28:06Z
8696941810,MIA Clothings,90379207,GBP,0,0,2,0,(GMT+00:00) Etc/GMT,google,2022-12-19T22:28:06Z
8696941810,MIA Clothings,90379207,GBP,0,0,38,0,(GMT+00:00) Etc/GMT,google,2022-12-19T22:28:06Z
8696941810,MIA Clothings,79000927,GBP,18,0,28,3,(GMT+00:00) Etc/GMT,google,2022-12-19T22:28:06Z
8696941810,MIA Clothings,79000927,GBP,0,0,11,0,(GMT+00:00) Etc/GMT,google,2022-12-19T22:28:06Z
8696941810,MIA Clothings,79000927,GBP,11,0,39,2,(GMT+00:00) Etc/GMT,google,2022-12-19T22:28:06Z
8696941810,MIA Clothings,79000927,GBP,0,0,10,0,(GMT+00:00) Etc/GMT,google,2022-12-19T22:28:06Z
8696941810,MIA Clothings,79000927,GBP,0,0,64,0,(GMT+00:00) Etc/GMT,google,2022-12-19T22:28:06Z
8696941810,MIA Clothings,79000927,GBP,102,1,3,53,(GMT+00:00) Etc/GMT,google,2022-12-19T22:28:06Z
8696941810,MIA Clothings,79000927,GBP,0,0,2,0,(GMT+00:00) Etc/GMT,google,2022-12-19T22:28:06Z
8696941810,MIA Clothings,79000927,GBP,0,0,165,0,(GMT+00:00) Etc/GMT,google,2022-12-19T22:28:06Z
8696941810,MIA Clothings,79000927,GBP,95,10,217,34,(GMT+00:00) Etc/GMT,google,2022-12-19T22:28:06Z
8696941810,MIA Clothings,79000927,GBP,104,12,320,33,(GMT+00:00) Etc/GMT,google,2022-12-19T22:28:06Z
8696941810,MIA Clothings,65024527,GBP,33,3,554,6,(GMT+00:00) Etc/GMT,google,2022-12-19T22:28:06Z
8696941810,MIA Clothings,65024527,GBP,54,5,30,20,(GMT+00:00) Etc/GMT,google,2022-12-19T22:28:06Z
8696941810,MIA Clothings,65024527,GBP,0,0,99,0,(GMT+00:00) Etc/GMT,google,2022-12-19T22:28:06Z
8696941810,MIA Clothings,65024527,GBP,34,0,35,5,(GMT+00:00) Etc/GMT,google,2022-12-19T22:28:06Z
8696941810,MIA Clothings,65024527,GBP,0,0,6,0,(GMT+00:00) Etc/GMT,google,2022-12-19T22:28:06Z
8696941810,MIA Clothings,65024527,GBP,168,23,1136,99,(GMT+00:00) Etc/GMT,google,2022-12-19T22:28:06Z
8696941810,MIA Clothings,65023687,GBP,0,0,151,0,(GMT+00:00) Etc/GMT,google,2022-12-19T22:28:06Z
8696941810,MIA Clothings,65023687,GBP,51,4,75,11,(GMT+00:00) Etc/GMT,google,2022-12-19T22:28:06Z
8696941810,MIA Clothings,65023687,GBP,0,0,0,0,(GMT+00:00) Etc/GMT,google,2022-12-19T22:28:06Z
8696941810,MIA Clothings,65023687,GBP,0,0,32,0,(GMT+00:00) Etc/GMT,google,2022-12-19T22:28:06Z
8696941810,MIA Clothings,65023687,GBP,6,0,51,1,(GMT+00:00) Etc/GMT,google,2022-12-19T22:28:06Z
8696941810,MIA Clothings,64896727,GBP,37,2,110,6,(GMT+00:00) Etc/GMT,google,2022-12-19T22:28:06Z
8696941810,MIA Clothings,64896727,GBP,0,0,139,0,(GMT+00:00) Etc/GMT,google,2022-12-19T22:28:06Z
8696941810,MIA Clothings,64896727,GBP,30,0,52,6,(GMT+00:00) Etc/GMT,google,2022-12-19T22:28:06Z
8696941810,MIA Clothings,64896727,GBP,17,1,13,3,(GMT+00:00) Etc/GMT,google,2022-12-19T22:28:06Z
8696941810,MIA Clothings,64896727,GBP,6,0,143,1,(GMT+00:00) Etc/GMT,google,2022-12-19T22:28:06Z